action_id,canonical_name,kind,category,goals,dur_min,dur_typical,dur_max,setup_min,money_cost,activation,physical_energy,cognitive_energy,health,work_research,learning,relationships,enjoyment,recovery,maintenance,money_benefit,long_term,uncertainty,reversibility,opportunity_decay,option_value,information_value,regret_if_skipped,interruption_cost,ordinary_downside,right_tail_upside,novelty,frequency,literature_grade,typical_time,judged_optimum,optimum_grade,outdoor,daylight_dependent,sg_opening_hours,ruin_kind,ruin_probability,ruin_severity,ruin_irreversibility,ruin_repeated,ruin_trigger,avoid_related,avoid_safer,action_specific_fields,evidence_type,confidence,source_ids
continue-working,Continue working,canonical,work,"work,progress,focus",30,90,180,5,0,3,0,4,0,4,1,0,1,0,0,2,3,2,4,2,3,2,2,4,0,1,1,3,1,10±2;14.5±2,,,,,,,,,,,,,,"decay,intr",heuristic,low,judgement
deep-work,Deep work,canonical,work,"work,progress,focus",60,120,240,5,0,4,0,4,0,4,1,0,1,0,0,2,4,2,4,2,4,2,2,4,0,2,1,3,1,10±2;14.5±2,10±2,1,,,,,,,,,,,,"act,best,car,dur,ev,evt,intr,lt,opt,tail",heuristic,low,judgement
continue-debugging,Continue debugging,canonical,work,"work,progress,focus",20,60,180,5,0,3,0,4,0,4,2,0,1,0,0,2,3,3,4,2,3,3,2,3,0,1,1,3,1,10±2;14.5±2,,,,,,,,,,,,,,"dur,info,joy,lrn,reg,unc",heuristic,low,judgement
write-code,Write code,canonical,work,"work,progress,focus",45,90,180,5,0,3,0,4,0,4,2,0,2,0,0,2,3,2,4,2,3,2,2,3,0,1,1,3,1,10±2;14.5±2,,,,,,,,,,,,,,"car,dur,joy,lrn",heuristic,low,judgement
implement-the-idea,Implement the idea,canonical,work,"work,progress,focus",45,90,240,5,0,3,0,4,0,4,1,0,1,0,0,2,3,3,4,2,3,4,2,3,0,3,2,3,1,10±2;14.5±2,,,,,,,,,,,,,,"car,dur,info,nov,tail,unc",heuristic,low,judgement
write-a-plan,Write a plan,canonical,work,"work,progress,focus",15,30,60,5,0,2,0,3,0,4,1,0,1,0,0,2,3,2,4,2,4,2,1,3,0,1,1,3,1,10±2;14.5±2,,,,,,,,,,,,,,"act,cog,dur,info,opt,reg",heuristic,low,judgement
write-a-test,Write a test,canonical,work,"work,progress,focus",15,30,60,5,0,3,0,4,0,3,1,0,1,0,0,2,3,1,4,2,3,3,2,3,0,1,1,3,1,10±2;14.5±2,,,,,,,,,,,,,,"car,dur,info,unc",heuristic,low,judgement
rubber-duck-the-problem,Rubber-duck the problem,canonical,work,"work,progress,focus",5,15,30,5,0,1,0,4,0,2,1,0,1,0,0,2,3,2,4,2,3,3,2,3,0,1,1,3,1,10±2;14.5±2,,,,,,,,,,,,,,"act,car,dur,info",heuristic,low,judgement
ask-a-colleague-for-help,Ask a colleague for help,canonical,work,"work,progress,focus",10,20,45,5,0,2,0,4,0,3,1,2,1,0,0,2,3,2,4,2,3,4,2,3,0,2,1,3,1,10±2;14.5±2,,,,,,,,,,,,,,"act,car,dur,info,soc,tail,unc",heuristic,low,judgement
review-a-pull-request,Review a pull request,canonical,work,"work,progress,focus",15,30,60,5,0,3,0,4,0,3,2,1,1,0,0,2,3,2,4,3,3,2,2,3,0,1,1,3,1,10±2;14.5±2,,,,,,,,,,,,,,"car,decay,dur,lrn,soc",heuristic,low,judgement
write-documentation,Write documentation,canonical,work,"work,progress,focus",30,60,120,5,0,3,0,4,0,2,1,0,0,0,0,2,3,2,4,2,3,2,2,3,0,1,1,3,1,10±2;14.5±2,,,,,,,,,,,,,,"act,car,dur,joy,lt",heuristic,low,judgement
refactor-code,Refactor code,canonical,work,"work,progress,focus",30,60,180,5,0,3,0,4,0,2,1,0,2,0,0,2,3,2,4,2,3,2,2,3,0,1,1,3,1,10±2;14.5±2,,,,,,,,,,,,,,"car,dur,joy,lt,opt",heuristic,low,judgement
prepare-a-presentation,Prepare a presentation,canonical,work,"work,progress,focus",45,90,180,5,0,3,0,4,0,3,1,0,1,0,0,2,3,2,4,3,3,2,3,3,0,1,1,3,1,10±2;14.5±2,,,,,,,,,,,,,,"car,decay,dur,reg",heuristic,low,judgement
attend-a-meeting,Attend a meeting,canonical,work,"work,progress,focus",15,45,90,5,0,1,0,2,0,2,1,2,1,0,0,2,3,2,1,4,3,2,2,3,0,1,1,3,1,10±2;14.5±2,,,,,,,,,,,,,,"act,car,cog,decay,dur,rev,soc",heuristic,low,judgement
skip-the-meeting,Skip the meeting,canonical,work,"work,progress,focus",5,5,10,5,0,3,0,4,0,1,1,0,1,0,0,2,3,2,2,2,3,2,2,3,2,1,1,3,1,10±2;14.5±2,,,,,,,,,,,,,,"car,dn,dur,reg,rev,soc,unc",heuristic,low,judgement
plan-tomorrow,Plan tomorrow,canonical,work,"work,progress,focus",10,15,30,5,0,1,0,2,0,2,1,0,1,0,0,2,3,2,4,2,4,2,1,3,0,1,1,3,1,17±1.5,,,,,,,,,,,,,,"act,car,cog,dur,opt,reg,typ",heuristic,low,judgement
clear-your-inbox,Clear your inbox,canonical,work,"work,progress,focus",15,30,60,5,0,2,0,2,0,2,1,0,0,0,1,2,3,2,4,2,3,2,2,3,0,1,1,3,1,10±2;14.5±2,,,,,,,,,,,,,,"act,car,cog,decay,dur,hom,joy",heuristic,low,judgement
write-a-report,Write a report,canonical,work,"work,progress,focus",45,90,180,5,0,3,0,4,0,4,1,0,1,0,0,2,3,2,4,3,3,2,2,3,0,1,1,3,1,10±2;14.5±2,,,,,,,,,,,,,,"car,decay,dur",heuristic,low,judgement
analyse-the-data,Analyse the data,canonical,work,"work,progress,focus",30,90,180,5,0,3,0,4,0,4,2,0,1,0,0,2,3,2,4,2,3,4,2,3,0,1,1,3,1,10±2;14.5±2,,,,,,,,,,,,,,"car,dur,info,lrn",heuristic,low,judgement
do-the-hard-task-first,Do the hard task first,canonical,work,"work,progress,focus",30,60,120,5,0,4,0,4,0,4,1,0,1,0,0,2,4,2,4,2,3,2,3,3,0,1,1,3,1,10±2;14.5±2,9.5±1.5,1,,,,,,,,,,,,"act,best,car,dur,evt,lt,reg",heuristic,low,judgement
do-an-easy-task,Do an easy task,canonical,work,"work,progress,focus",5,15,30,5,0,1,0,2,0,2,1,0,1,0,0,2,3,2,4,2,3,2,2,3,0,1,1,3,1,10±2;14.5±2,,,,,,,,,,,,,,"act,car,cog,dur,joy",heuristic,low,judgement
stop-working-for-the-day,Stop working for the day,canonical,work,"work,progress,focus",5,5,10,5,0,1,0,0,1,0,1,0,2,3,0,2,1,2,4,2,1,2,1,3,0,1,1,3,1,18±1.5,,,,,,,,,,,,,,"act,car,cog,dur,hea,joy,lt,opt,rec,reg,typ",heuristic,low,judgement
apply-for-a-job,Apply for a job,canonical,work,"work,progress,focus",30,60,120,5,0,3,0,4,0,4,1,0,1,0,0,3,4,4,4,2,4,3,3,3,1,4,2,3,1,10±2;14.5±2,,,,,,,,,,,,,,"car,dn,dur,fin,info,lt,nov,opt,reg,tail,unc",heuristic,low,judgement
update-your-cv,Update your CV,canonical,work,"work,progress,focus",30,60,120,5,0,3,0,4,0,3,1,0,1,0,0,2,3,2,4,1,4,2,2,3,0,2,1,3,1,10±2;14.5±2,,,,,,,,,,,,,,"car,decay,dur,opt,tail",heuristic,low,judgement
negotiate-your-salary,Negotiate your salary,canonical,work,"work,progress,focus",15,30,60,5,0,4,0,4,0,3,1,1,1,0,0,4,3,3,2,2,3,2,3,3,2,3,1,3,1,10±2;14.5±2,,,,,,,,,,,,,,"act,car,dn,dur,fin,reg,rev,soc,tail,unc",heuristic,low,judgement
work-on-a-side-project,Work on a side project,canonical,work,"work,progress,focus",30,90,180,5,0,3,0,4,0,2,3,0,3,0,0,2,3,2,4,2,4,2,2,3,0,3,3,3,1,10±2;14.5±2,,,,,,,,,,,,,,"car,dur,joy,lrn,lt,nov,opt,tail",heuristic,low,judgement
mentor-someone,Mentor someone,canonical,work,"work,progress,focus",30,45,60,5,0,3,0,4,0,2,1,3,2,0,0,2,3,2,4,2,3,2,2,3,0,2,1,3,1,10±2;14.5±2,,,,,,,,,,,,,,"car,dur,joy,lrn,lt,soc,tail",heuristic,low,judgement
network,Network,canonical,work,"work,progress,focus",60,120,180,20,0,4,0,4,0,3,1,3,1,0,0,2,3,3,4,2,4,2,2,3,1,4,3,3,1,10±2;14.5±2,,,,,,,,,,,,,,"act,car,dn,dur,nov,opt,setup,soc,tail,unc",heuristic,low,judgement
write-a-grant,Write a grant,canonical,work,"work,progress,focus",60,120,240,5,0,3,0,4,0,4,1,0,1,0,0,3,3,4,4,3,3,2,3,3,1,3,1,3,1,10±2;14.5±2,,,,,,,,,,,,,,"car,decay,dn,dur,fin,reg,tail,unc",heuristic,low,judgement
submit-the-work,Submit the work,canonical,work,"work,progress,focus",5,10,30,5,0,3,0,4,0,4,1,0,1,0,0,2,3,3,1,3,3,4,3,3,1,3,1,3,1,10±2;14.5±2,,,,,,reputational harm,very low,2,2,no,errors in public work,,,"car,decay,dn,dur,info,reg,rev,tail,unc",heuristic,low,judgement
answer-support-tickets,Answer support tickets,canonical,work,"work,progress,focus",20,45,90,5,0,3,0,4,0,3,1,1,0,0,0,2,3,2,4,3,3,2,2,3,0,1,1,3,1,10±2;14.5±2,,,,,,,,,,,,,,"car,decay,dur,joy,soc",heuristic,low,judgement
organise-your-files,Organise your files,canonical,work,"work,progress,focus",15,30,60,5,0,3,0,1,0,1,1,0,1,0,2,2,3,2,4,2,2,2,2,3,0,1,1,3,1,10±2;14.5±2,,,,,,,,,,,,,,"car,cog,dur,hom,joy,opt",heuristic,low,judgement
take-a-short-break,Take a short break,canonical,work,"work,progress,focus",5,10,15,5,0,0,0,0,1,0,1,0,2,3,0,2,1,2,4,2,2,2,0,3,0,1,1,3,2,11±2;15.5±2,,,,,,,,,,,,,,"act,car,cog,dur,ev,hea,joy,lt,opt,rec,reg,typ",heuristic,low,judgement
make-coffee,Make coffee,canonical,work,"energy,ritual",5,10,15,5,0,1,0,0,0,0,1,0,3,1,0,2,3,2,4,2,3,2,2,3,0,1,1,3,1,8±1;14±1.5,,,,,,,,,,,,,,"act,car,cog,dur,joy,rec,typ",heuristic,low,judgement
work-from-a-cafe,Work from a café,canonical,work,"work,progress,focus",60,120,180,20,1,3,0,4,0,3,1,0,2,0,0,2,3,2,4,2,3,2,2,3,0,1,2,3,1,10±2;14.5±2,,,,,8-22,,,,,,,,,"car,dur,joy,money,nov,open,setup",heuristic,low,judgement;singapore
read-a-paper,Read a paper,canonical,learning,"learning,skill,understanding",30,60,120,5,0,3,0,4,0,3,4,0,2,0,0,0,4,2,4,1,3,3,1,2,0,2,2,1,2,20±3,,,,,,,,,,,,,,"car,dur,info,lrn,tail",heuristic,low,judgement
read-another-paper,Read another paper,canonical,learning,"learning,skill,understanding",30,60,120,5,0,3,0,4,0,2,3,0,2,0,0,0,4,2,4,1,2,2,1,2,0,1,2,1,2,20±3,,,,,,,,,,,,,,"car,dur,info,lrn,opt,reg,tail",heuristic,low,judgement
write-it-up,Write it up,canonical,learning,"learning,skill,understanding",45,90,180,5,0,4,0,4,0,4,3,0,2,0,0,0,4,2,4,1,3,3,1,2,0,3,2,1,2,20±3,,,,,,,,,,,,,,"act,car,cog,dur,info,lrn,lt,tail",heuristic,low,judgement
take-notes,Take notes,canonical,learning,"learning,skill,understanding",10,20,45,5,0,2,0,4,0,2,3,0,2,0,0,0,4,2,4,1,3,2,1,2,0,2,2,1,2,20±3,,,,,,,,,,,,,,"act,dur,info,lrn,opt",heuristic,low,judgement
email-the-author,Email the author,canonical,learning,"learning,skill,understanding",10,15,30,5,0,3,0,4,0,2,4,2,2,0,0,0,4,3,4,1,3,4,1,2,0,4,3,1,2,20±3,,,,,,,,,,,,,,"act,dur,info,nov,opt,soc,tail,unc",heuristic,low,judgement
stop-researching,Stop researching,canonical,learning,"learning,skill,understanding",5,5,10,5,0,1,0,4,0,1,0,0,2,2,0,0,4,2,4,1,1,0,1,2,0,2,2,1,2,20±3,,,,,,,,,,,,,,"act,car,dur,info,lrn,opt,rec,reg",heuristic,low,judgement
think-without-references,Think without references,canonical,learning,"learning,skill,understanding",15,30,60,0,0,2,0,4,0,2,3,0,2,0,0,0,4,2,4,1,3,3,1,2,0,2,2,1,2,20±3,,,,,,,,,,,,,,"act,dur,info,lrn,nov,setup",heuristic,low,judgement
apply-what-you-know,Apply what you know,canonical,learning,"learning,skill,understanding",30,60,120,5,0,3,0,4,0,3,3,0,2,0,0,0,4,2,4,1,3,4,1,2,0,2,2,1,2,20±3,,,,,,,,,,,,,,"act,car,dur,info,lrn",heuristic,low,judgement
do-mathematics,Do mathematics,canonical,learning,"learning,understanding,focus",45,90,180,5,0,4,0,4,0,3,4,0,3,0,0,0,4,2,4,1,3,4,1,2,0,3,2,1,2,20±3,10±2.5,1,,,,,,,,,,,,"act,best,car,cog,dur,evt,joy,lrn,lt,tail",heuristic,low,judgement
study-for-an-exam,Study for an exam,canonical,learning,"learning,skill,understanding",45,90,180,5,0,4,0,4,0,3,4,0,2,0,0,0,4,2,4,3,3,4,3,2,0,2,2,1,2,20±3,,,,,,,,,,,,,,"act,car,decay,dur,lrn,reg",heuristic,low,judgement
review-flashcards,Review flashcards,canonical,learning,"learning,skill,understanding",10,20,40,5,0,2,0,4,0,2,4,0,2,0,0,0,4,2,4,1,3,4,1,2,0,2,2,1,3,20±3,,,,,,,,,,,,,,"act,dur,ev,freq,lrn,lt",heuristic,low,judgement
learn-a-language,Learn a language,canonical,learning,"learning,skill,understanding",15,30,60,5,0,3,0,4,0,2,4,1,2,0,0,0,4,2,4,1,3,4,1,2,0,2,2,1,2,20±3,,,,,,,,,,,,,,"dur,lrn,lt,nov,soc,tail",heuristic,low,judgement
take-an-online-course,Take an online course,canonical,learning,"learning,skill,understanding",30,60,120,5,0,3,0,4,0,2,4,0,2,0,0,0,4,2,4,1,3,4,1,2,0,2,2,1,2,20±3,,,,,,,,,,,,,,"act,car,dur,lrn",heuristic,low,judgement
watch-a-lecture,Watch a lecture,canonical,learning,"learning,skill,understanding",30,60,90,5,0,1,0,3,0,2,3,0,2,0,0,0,4,2,4,1,3,4,1,2,0,2,2,1,2,20±3,,,,,,,,,,,,,,"act,cog,dur,joy,lrn",heuristic,low,judgement
read-a-textbook,Read a textbook,canonical,learning,"learning,skill,understanding",30,60,120,5,0,3,0,4,0,2,4,0,2,0,0,0,4,2,4,1,3,4,1,2,0,2,2,1,2,20±3,,,,,,,,,,,,,,"act,dur,lrn",heuristic,low,judgement
read-a-book,Read a book,canonical,learning,"learning,skill,understanding",20,45,120,5,0,1,0,2,0,2,3,0,3,2,0,0,4,2,4,1,3,4,1,2,0,2,2,1,2,21.5±1.5,,,,,,,,,,,,,,"act,cog,dur,joy,lrn,rec,typ",heuristic,low,judgement
practise-an-instrument,Practise an instrument,canonical,learning,"learning,skill,understanding",20,45,90,5,0,3,0,3,0,2,4,0,3,0,0,0,4,2,4,1,3,4,1,2,0,2,1,1,2,20±3,,,,,,,,,,,,,,"cog,dur,joy,lrn,lt,nov",heuristic,low,judgement
learn-to-cook-a-new-dish,Learn to cook a new dish,canonical,learning,"learning,skill,understanding",45,60,120,5,0,3,0,4,2,2,3,0,3,0,0,1,4,2,4,1,3,4,1,2,0,2,3,1,2,20±3,,,,,,,,,,,,,,"dur,fin,hea,joy,lrn,nov",heuristic,low,judgement
watch-a-tutorial,Watch a tutorial,canonical,learning,"learning,skill,understanding",10,20,45,5,0,1,0,4,0,2,3,0,2,0,0,0,4,2,4,1,3,3,1,2,0,2,2,1,2,20±3,,,,,,,,,,,,,,"act,dur,info,lrn",heuristic,low,judgement
listen-to-a-podcast,Listen to a podcast,canonical,learning,"learning,skill,understanding",15,40,90,5,0,0,0,1,0,2,2,0,2,1,0,0,4,2,4,1,3,4,1,2,0,2,2,1,2,20±3,,,,,,,,,,,,,,"act,cog,dur,joy,lrn,rec",heuristic,low,judgement
write-in-a-journal,Write in a journal,canonical,learning,"reflection,clarity",10,15,30,5,0,2,0,4,2,2,1,0,2,2,0,0,3,2,4,1,3,4,1,2,0,2,2,1,2,20±3,,,,,,,,,,,,,,"act,dur,ev,hea,lrn,lt,rec",heuristic,low,judgement
learn-a-new-tool,Learn a new tool,canonical,learning,"learning,skill,understanding",30,60,120,5,0,3,0,4,0,3,4,0,2,0,0,0,4,2,4,1,4,4,1,2,0,2,2,1,2,20±3,,,,,,,,,,,,,,"car,dur,lrn,opt,tail",heuristic,low,judgement
research-a-topic,Research a topic,canonical,learning,"learning,skill,understanding",20,45,120,5,0,2,0,4,0,2,3,0,2,0,0,0,4,2,4,1,3,4,1,2,0,2,2,1,2,20±3,,,,,,,,,,,,,,"act,dur,info,lrn",heuristic,low,judgement
teach-someone,Teach someone,canonical,learning,"learning,skill,understanding",30,60,90,5,0,3,0,4,0,2,3,3,2,0,0,0,3,2,4,1,3,4,1,2,0,2,2,1,2,20±3,,,,,,,,,,,,,,"dur,joy,lrn,lt,soc,tail",heuristic,low,judgement
attend-a-workshop,Attend a workshop,canonical,learning,"learning,skill,understanding",60,120,240,20,2,3,0,4,0,2,4,2,2,0,0,0,4,2,4,1,3,4,1,2,0,3,3,1,2,20±3,,,,,,,,,,,,,,"dur,lrn,money,nov,setup,soc,tail",heuristic,low,judgement
swim,Swim,canonical,exercise,"fitness,health,stress-reduction,exercise",30,60,90,20,1,3,3,1,4,0,0,0,3,3,0,0,4,1,4,1,2,1,2,1,1,0,1,1,3,7±1.5;18±2,17.5±2.5,1,1,,8-21.5,drowning,very low (supervised pool),4,4,yes,"swimming alone, open water, alcohol, exhaustion, lightning",,,"dn,dur,hea,joy,money,open,out,rec,setup",heuristic,low,judgement;singapore
go-for-a-walk,Go for a walk,canonical,exercise,"fitness,health,stress-reduction,exercise",15,45,90,0,0,1,1,1,3,0,0,0,3,3,0,0,4,1,4,1,2,1,2,1,0,0,1,1,3,12.5±1.5;18.5±2,17.5±2.5,1,1,,,,,,,,,,,"act,dn,dur,ev,hea,joy,out,phys,rec,setup,typ",heuristic,low,judgement;singapore
go-for-a-run,Go for a run,canonical,exercise,"fitness,health,stress-reduction,exercise",20,40,75,5,0,3,4,1,4,0,0,0,2,2,0,0,4,1,4,1,2,1,2,1,2,0,1,1,3,7±1.5;18±2,17.5±2.5,1,1,,,heat illness,very low; higher in midday heat,3,3,yes,midday heat and humidity,,,"act,dn,dur,hea,joy,out,phys,rec,setup",heuristic,low,judgement;singapore
cycle,Cycle,canonical,exercise,"fitness,health,stress-reduction,exercise",30,60,120,10,0,3,3,1,4,0,0,0,3,3,0,0,4,1,4,1,2,1,2,1,2,0,2,1,3,7±1.5;18±2,17.5±2.5,1,1,,,road traffic injury,low,4,3,yes,"riding on roads, darkness, no helmet",,,"dn,dur,hea,joy,nov,out,phys,rec,setup",heuristic,low,judgement;singapore
go-to-the-gym,Go to the gym,canonical,exercise,"fitness,health,stress-reduction,exercise",45,60,90,20,1,3,3,1,4,0,0,0,2,2,0,0,4,1,4,1,2,1,2,1,1,0,1,1,3,7±1.5;18±2,17.5±2.5,1,,,6-23,,,,,,,,,"dn,dur,hea,joy,money,open,phys,setup",heuristic,low,judgement;singapore
strength-training,Strength training,canonical,exercise,"fitness,health,stress-reduction,exercise",30,45,75,15,0,3,4,1,4,0,0,0,2,2,0,0,4,1,4,1,2,1,2,1,2,0,1,1,3,7±1.5;18±2,17.5±2.5,1,,,,,,,,,,,,"dn,dur,ev,hea,lt,phys,setup",heuristic,low,judgement
do-mobility-work,Do mobility work,canonical,exercise,"fitness,health,stress-reduction,exercise",10,20,30,0,0,1,1,1,3,0,0,0,2,3,0,0,4,1,4,1,2,1,2,1,0,0,1,1,2,7±1.5;18±2,17.5±2.5,1,,,,,,,,,,,,"act,dn,dur,ev,hea,phys,rec,setup",heuristic,low,judgement
stretch,Stretch,canonical,exercise,"fitness,health,stress-reduction,exercise",5,10,20,0,0,1,1,1,2,0,0,0,2,2,0,0,2,1,4,1,2,1,2,1,0,0,1,1,2,7±1.5;18±2,17.5±2.5,1,,,,,,,,,,,,"act,dn,dur,ev,hea,lt,phys,rec,setup",heuristic,low,judgement
do-yoga,Do yoga,canonical,exercise,"fitness,health,stress-reduction,exercise",20,45,75,5,0,3,2,1,3,0,0,0,3,4,0,0,4,1,4,1,2,1,2,1,1,0,1,1,2,7±1.5;18±2,17.5±2.5,1,,,,,,,,,,,,"dn,dur,ev,hea,joy,phys,rec,setup",heuristic,low,judgement
go-hiking,Go hiking,canonical,exercise,"fitness,health,stress-reduction,exercise",90,180,360,30,0,3,3,1,4,0,0,0,4,4,0,0,4,1,4,1,2,1,2,1,2,0,3,1,3,7±1.5;18±2,17.5±2.5,1,1,1,,"injury, heat illness, getting lost",low,3,3,yes,"hiking alone, heat, no water",,,"day,dn,dur,hea,joy,nov,out,phys,rec,setup",heuristic,low,judgement;singapore
play-a-sport,Play a sport,canonical,exercise,"fitness,exercise,connection",45,90,120,20,0,3,4,1,4,0,0,3,4,2,0,0,4,1,4,1,2,1,2,1,3,0,2,1,3,7±1.5;18±2,17.5±2.5,1,,,,,,,,,,,,"dn,dur,joy,nov,phys,setup,soc",heuristic,low,judgement
row,Row,canonical,exercise,"fitness,health,stress-reduction,exercise",20,30,60,10,0,3,4,1,4,0,0,0,1,2,0,0,4,1,4,1,2,1,2,1,1,0,1,1,3,7±1.5;18±2,17.5±2.5,1,,,,,,,,,,,,"dn,dur,hea,joy,phys,setup",heuristic,low,judgement
climb,Climb,canonical,exercise,"fitness,health,stress-reduction,exercise",60,90,150,20,2,3,4,1,3,0,2,2,4,2,0,0,4,1,4,1,2,1,2,1,3,0,3,1,3,7±1.5;18±2,17.5±2.5,1,,,10-22.5,fall injury,low,3,3,yes,"belay errors, fatigue",,,"dn,dur,hea,joy,lrn,money,nov,open,phys,setup,soc",heuristic,low,judgement;singapore
do-a-hiit-workout,Do a HIIT workout,canonical,exercise,"fitness,health,stress-reduction,exercise",10,20,30,0,0,4,4,1,4,0,0,0,1,2,0,0,4,1,4,1,2,1,2,1,2,0,1,1,3,7±1.5;18±2,17.5±2.5,1,,,,,,,,,,,,"act,dn,dur,hea,joy,phys,setup",heuristic,low,judgement
dance,Dance,canonical,exercise,"fitness,health,stress-reduction,exercise",30,60,120,10,0,3,3,1,4,0,0,2,4,3,0,0,4,1,4,1,2,1,2,1,1,0,2,1,3,7±1.5;18±2,17.5±2.5,1,,,,,,,,,,,,"dur,joy,nov,phys,rec,soc",heuristic,low,judgement
do-bodyweight-exercises,Do bodyweight exercises,canonical,exercise,"fitness,health,stress-reduction,exercise",10,20,30,0,0,2,3,1,3,0,0,0,2,2,0,0,4,1,4,1,2,1,2,1,1,0,1,1,3,7±1.5;18±2,17.5±2.5,1,,,,,,,,,,,,"act,dur,hea,phys,setup",heuristic,low,judgement
take-the-stairs,Take the stairs,canonical,exercise,"fitness,health,stress-reduction,exercise",2,5,10,0,0,1,2,1,2,0,0,0,0,2,0,0,4,1,4,1,2,1,2,1,1,0,1,2,2,7±1.5;18±2,17.5±2.5,1,,,,,,,,,,,,"act,dur,ev,freq,hea,joy,phys,setup",heuristic,low,judgement
walk-to-work,Walk to work,canonical,exercise,"fitness,health,stress-reduction,exercise",20,30,45,0,0,1,2,1,3,1,0,0,2,2,0,0,4,1,4,1,2,1,2,1,1,0,1,1,3,7±1.5;18±2,17.5±2.5,1,1,,,,,,,,,,,"act,car,dur,hea,out,phys,rec,setup",heuristic,low,judgement;singapore
play-with-your-dog,Play with your dog,canonical,exercise,"fitness,health,stress-reduction,exercise",15,30,60,0,0,1,2,1,2,0,0,2,4,3,0,0,4,1,4,1,2,1,2,1,1,0,1,2,3,7±1.5;18±2,17.5±2.5,1,1,,,,,,,,,,,"act,dur,freq,hea,joy,out,phys,rec,setup,soc",heuristic,low,judgement;singapore
martial-arts-class,Martial arts class,canonical,exercise,"fitness,health,stress-reduction,exercise",60,75,90,20,2,3,4,1,4,0,3,2,2,2,0,0,4,1,4,1,2,1,2,1,3,0,2,1,3,7±1.5;18±2,17.5±2.5,1,,,,injury,low,3,2,yes,hard sparring,,,"dn,dur,lrn,money,nov,phys,setup,soc",heuristic,low,judgement
pilates,Pilates,canonical,exercise,"fitness,health,stress-reduction,exercise",30,45,60,10,2,3,2,1,3,0,0,0,2,2,0,0,4,1,4,1,2,1,2,1,1,0,1,1,3,7±1.5;18±2,17.5±2.5,1,,,,,,,,,,,,"dn,dur,hea,money,phys,rec,setup",heuristic,low,judgement
take-your-medication,Take your medication,canonical,health,"health,self-care",1,2,5,0,0,0,0,1,4,0,0,0,1,2,0,0,4,1,4,4,1,1,4,1,0,0,0,2,3,8±1;21±1.5,,,,,,,,,,,,,,"act,decay,dur,ev,freq,hea,lt,phys,reg,typ",heuristic,low,judgement
drink-water,Drink water,canonical,health,"health,self-care",1,2,5,0,0,0,1,1,2,0,0,0,1,1,0,0,1,1,4,1,1,1,0,1,0,0,0,4,2,8±2;21±2,,,,,,,,,,,,,,"act,decay,dur,freq,hea,lt,rec,reg",heuristic,low,judgement
book-a-doctors-appointment,Book a doctor's appointment,canonical,health,"health,self-care",10,15,30,0,0,3,1,1,4,0,0,0,1,2,0,0,4,2,4,3,1,4,4,1,0,0,0,2,2,8±2;21±2,,,,,,,,,,,,,,"act,decay,dur,hea,info,lt,reg,unc",heuristic,low,judgement
see-a-dentist,See a dentist,canonical,health,"health,self-care",45,60,90,20,2,3,1,1,3,0,0,0,1,2,0,0,3,1,4,1,1,1,2,1,0,0,0,2,2,8±2;21±2,,,,,9-18,,,,,,,,,"act,decay,dur,hea,lt,money,open,setup",heuristic,low,judgement;singapore
get-a-health-check-up,Get a health check-up,canonical,health,"health,self-care",30,60,120,20,2,3,1,1,4,0,0,0,1,2,0,0,4,1,4,1,1,4,2,1,0,0,0,2,2,8±2;21±2,,,,,8-17,,,,,,,,,"act,decay,dur,ev,hea,info,lt,money,open,setup",heuristic,low,judgement;singapore
take-a-shower,Take a shower,canonical,health,"hygiene,self-care,recovery",5,10,20,0,0,1,1,1,1,0,0,0,2,2,0,0,3,1,4,2,1,1,2,1,0,0,0,4,2,7.5±1;22±1.5,,,,,,,,,,,,,,"act,dur,freq,hea,joy,rec,typ",heuristic,low,judgement
brush-and-floss,Brush and floss,canonical,health,"health,self-care",3,5,5,0,0,1,1,1,2,0,0,0,1,2,0,0,3,1,4,2,1,1,2,1,0,0,0,3,3,7.5±1;22.5±1,,,,,,,,,,,,,,"act,dur,ev,freq,hea,lt,typ",heuristic,low,judgement
do-skincare,Do skincare,canonical,health,"health,self-care",3,5,15,0,0,1,1,1,1,0,0,0,1,2,0,0,2,1,4,2,1,1,2,1,0,0,0,2,2,8±2;21±2,,,,,,,,,,,,,,"act,dur,hea,joy,lt",heuristic,low,judgement
get-sunlight,Get sunlight,canonical,health,"health,sleep,mood",5,15,30,0,0,1,1,1,2,0,0,0,2,2,0,0,3,1,4,2,1,1,2,1,0,0,0,2,2,12±2,8±1.5,1,1,1,,,,,,,,,,"act,best,day,dur,ev,evt,hea,joy,out,phys,rec,typ",heuristic,low,judgement;singapore
cut-down-on-alcohol,Cut down on alcohol,canonical,health,"health,self-care",1,1,1,0,0,2,1,1,3,0,0,0,0,2,0,1,3,1,4,2,1,1,2,1,0,0,0,2,2,20±2,,,,,,,,,,,,,,"act,dur,fin,hea,joy,lt,typ",heuristic,low,judgement
have-a-drink,Have a drink,canonical,health,"health,self-care",30,60,120,0,2,1,1,1,0,0,0,3,3,1,0,0,0,1,4,2,1,1,2,1,2,0,0,2,2,20.5±2,,,,,,accident or health harm,low per occasion; repeated,3,3,yes,"quantity, then driving or swimming",,,"dn,dur,hea,joy,lt,money,rec,soc,typ",heuristic,low,judgement
go-to-bed-early,Go to bed early,canonical,health,"health,self-care",420,480,540,0,0,2,1,1,4,0,0,0,1,4,0,0,4,1,4,2,1,1,2,1,0,0,0,2,3,23.5±1,22.5±1,2,,,,,,,,,,,,"act,best,dur,ev,evt,hea,joy,lt,rec,typ",heuristic,low,judgement
stay-up-late,Stay up late,canonical,health,"health,self-care",60,120,180,0,0,0,1,1,0,0,0,0,2,0,0,0,0,1,4,2,1,1,2,1,2,0,0,2,2,0.5±1,,,,,,,,,,,,,,"act,dn,dur,hea,joy,lt,rec,reg,typ",heuristic,low,judgement
check-your-posture,Check your posture,canonical,health,"health,self-care",1,2,5,0,0,0,1,1,1,0,0,0,1,2,0,0,3,1,4,2,1,1,2,1,0,0,0,2,2,8±2;21±2,,,,,,,,,,,,,,"act,dur,hea",heuristic,low,judgement
do-breathing-exercises,Do breathing exercises,canonical,health,"stress-reduction,calm,health",3,5,15,0,0,0,1,1,2,0,0,0,1,3,0,0,3,1,4,2,1,1,2,1,0,0,0,2,2,8±2;21±2,,,,,,,,,,,,,,"act,dur,ev,hea,rec",heuristic,low,judgement
skip-it-today,Skip it today,canonical,health,"health,self-care",1,1,1,0,0,0,1,1,0,0,0,0,1,1,0,0,0,1,3,2,1,1,2,1,0,0,0,2,2,8±2;21±2,,,,,,,,,,,,,,"act,dur,hea,lt,opt,rec,reg,rev",heuristic,low,judgement
track-your-sleep,Track your sleep,canonical,health,"health,self-care",2,5,10,0,0,1,1,1,1,0,0,0,1,2,0,0,3,1,4,2,1,3,2,1,0,0,0,2,2,8±2;21±2,,,,,,,,,,,,,,"act,dur,hea,info",heuristic,low,judgement
refill-your-prescription,Refill your prescription,canonical,health,"health,self-care",10,20,40,15,0,2,1,1,3,0,0,0,1,2,0,0,3,1,4,3,1,1,3,1,0,0,0,2,2,8±2;21±2,,,,,9-21,,,,,,,,,"act,decay,dur,hea,open,reg,setup",heuristic,low,judgement;singapore
get-a-massage,Get a massage,canonical,health,"health,self-care",45,60,90,20,3,1,1,1,2,0,0,0,4,4,0,0,3,1,4,2,1,1,2,1,0,0,0,2,2,8±2;21±2,,,,,10-22,,,,,,,,,"dur,hea,joy,money,open,rec,setup",heuristic,low,judgement;singapore
get-a-haircut,Get a haircut,canonical,health,"health,self-care",30,45,60,15,2,2,1,1,0,0,0,0,2,2,1,0,3,1,4,1,1,1,2,1,0,0,0,2,2,8±2;21±2,,,,,10-21,,,,,,,,,"act,decay,dur,hea,hom,joy,money,open,setup",heuristic,low,judgement;singapore
sleep,Sleep,canonical,sleep,"rest,recovery,sleep",360,450,540,0,0,0,0,0,4,0,0,0,2,4,0,0,4,1,4,2,1,0,1,1,0,0,0,3,3,23.2±1,23±1.2,2,,,,,,,,,,,,"best,decay,dur,ev,evt,hea,lt,rec,reg,typ",heuristic,low,judgement
nap,Nap,canonical,sleep,"rest,recovery,sleep",10,20,40,0,0,0,0,0,2,0,0,0,2,4,0,0,2,1,4,1,1,0,1,1,1,0,0,3,2,14.5±1.5,14±1.2,1,,,,,,,,,,,,"best,dn,dur,ev,evt,hea,joy,rec,typ",heuristic,low,judgement
rest,Rest,canonical,sleep,"rest,recovery,relaxation",15,30,60,0,0,0,0,0,2,0,0,0,2,3,0,0,2,1,4,1,1,0,1,1,0,0,0,3,2,14±1.5;23±1.5,,,,,,,,,,,,,,"act,dur,hea,joy,rec",heuristic,low,judgement
rest-in-silence,Rest in silence,canonical,sleep,"rest,recovery,sleep",10,20,30,0,0,0,0,0,1,0,0,0,1,3,0,0,2,1,4,1,1,0,1,1,0,0,0,3,2,14±1.5;23±1.5,,,,,,,,,,,,,,"dur,hea,joy,rec",heuristic,low,judgement
lie-in,Lie in,canonical,sleep,"rest,recovery,sleep",30,60,120,0,0,0,0,0,3,0,0,0,3,3,0,0,1,1,4,1,1,0,1,1,0,0,0,3,2,8.5±1,,,,,,,,,,,,,,"car,dur,joy,lt,rec,typ",heuristic,low,judgement
put-your-phone-away,Put your phone away,canonical,sleep,"focus,rest,sleep",30,60,180,0,0,2,0,0,2,0,0,0,2,2,0,0,2,1,4,1,1,0,1,1,0,0,0,3,2,14±1.5;23±1.5,,,,,,,,,,,,,,"act,dur,hea,lt,rec",heuristic,low,judgement
wind-down-for-bed,Wind down for bed,canonical,sleep,"rest,recovery,sleep",15,30,45,0,0,1,0,0,3,0,0,0,2,3,0,0,2,1,4,1,1,0,1,1,0,0,0,3,2,22.5±1,22±1,1,,,,,,,,,,,,"act,best,dur,ev,evt,hea,rec,typ",heuristic,low,judgement
eat-dinner,Eat dinner,canonical,food,"nutrition,energy,food",20,40,60,5,1,1,0,0,3,0,0,2,3,2,0,0,1,1,3,3,1,0,1,1,0,0,1,4,2,19±1.2,18.5±1.5,1,,,,,,,,,,,,"best,decay,dur,evt,hea,joy,soc,typ",heuristic,low,judgement
eat-lunch,Eat lunch,canonical,food,"nutrition,energy,food",15,30,60,5,1,1,0,0,3,0,0,1,3,2,0,0,1,1,3,3,1,0,1,1,0,0,1,4,2,12.5±0.8,12.5±1.2,1,,,,,,,,,,,,"best,dur,evt,hea,typ",heuristic,low,judgement
eat-breakfast,Eat breakfast,canonical,food,"nutrition,energy,food",10,20,30,5,1,1,0,0,3,0,0,1,3,2,0,0,1,1,3,3,1,0,1,1,0,0,1,4,2,7.5±1,8±1.5,1,,,,,,,,,,,,"best,dur,evt,hea,typ",heuristic,low,judgement
eat-a-snack,Eat a snack,canonical,food,"nutrition,energy,food",5,10,15,0,1,1,0,0,1,0,0,1,3,1,0,0,1,1,3,2,1,0,1,1,0,0,1,4,2,15.5±2,,,,,,,,,,,,,,"decay,dur,hea,joy,rec,setup,typ",heuristic,low,judgement
try-a-new-restaurant,Try a new restaurant,canonical,food,"nutrition,energy,food",45,75,120,20,3,1,0,0,2,0,0,2,4,2,0,0,1,3,3,3,1,3,1,1,0,1,4,4,2,19.5±1.2,,,,,11-22,,,,,,,,,"dur,info,joy,money,nov,open,setup,soc,tail,typ,unc",heuristic,low,judgement;singapore
eat-out,Eat out,canonical,food,"nutrition,energy,food",45,60,120,20,3,1,0,0,2,0,0,2,3,2,0,0,1,1,3,3,1,0,1,1,0,0,1,4,2,19.5±1.2,,,,,11-22,,,,,,,,,"dur,joy,money,open,setup,soc,typ",heuristic,low,judgement;singapore
order-takeaway,Order takeaway,canonical,food,"nutrition,energy,food",10,30,45,0,2,0,0,0,1,0,0,1,3,2,0,0,1,1,3,3,1,0,1,1,0,0,1,4,2,19.5±1.5,,,,,,,,,,,,,,"act,dur,hea,joy,money,setup,typ",heuristic,low,judgement
eat-leftovers,Eat leftovers,canonical,food,"nutrition,energy,food",10,15,20,0,0,0,0,0,2,0,0,1,1,2,0,2,1,1,3,3,1,0,1,1,0,0,1,4,2,7.5±1;12.5±1;19±1.2,,,,,,,,,,,,,,"act,dur,fin,hea,joy,money,setup",heuristic,low,judgement
have-a-healthy-snack,Have a healthy snack,canonical,food,"nutrition,energy,food",3,5,10,0,1,1,0,0,3,0,0,1,2,2,0,0,1,1,3,3,1,0,1,1,0,0,1,4,2,7.5±1;12.5±1;19±1.2,,,,,,,,,,,,,,"dur,hea,joy,setup",heuristic,low,judgement
skip-this-meal,Skip this meal,canonical,food,"nutrition,energy,food",1,1,1,5,1,1,0,0,1,0,0,1,0,0,0,0,1,2,3,3,1,0,1,1,0,0,1,4,2,7.5±1;12.5±1;19±1.2,,,,,,,,,,,,,,"dur,hea,joy,rec,reg,unc",heuristic,low,judgement
get-a-coffee,Get a coffee,canonical,food,"energy,ritual,treat",10,15,30,10,1,1,0,0,2,0,0,1,3,1,0,0,1,1,3,3,1,0,1,1,0,0,1,4,2,9±1.5;14.5±1.5,,,,,7.5-22,,,,,,,,,"dur,joy,money,open,rec,setup,soc,typ",heuristic,low,judgement;singapore
drink-coffee,Drink coffee,canonical,food,"energy,focus",5,10,15,0,0,1,0,0,1,0,0,1,3,1,0,0,1,1,3,3,1,0,1,1,1,0,1,4,2,8.5±1.5,10±2,1,,,,,,,,,,,,"best,dn,dur,evt,hea,joy,money,rec,setup,typ",heuristic,low,judgement
make-tea,Make tea,canonical,food,"nutrition,energy,food",5,10,15,0,0,1,0,0,1,0,0,1,2,2,0,0,1,1,3,3,1,0,1,1,0,0,1,4,2,7.5±1;12.5±1;19±1.2,,,,,,,,,,,,,,"dur,hea,joy,money,rec,setup",heuristic,low,judgement
have-dessert,Have dessert,canonical,food,"nutrition,energy,food",5,15,20,5,1,1,0,0,0,0,0,1,4,2,0,0,1,1,3,3,1,0,1,1,0,0,1,4,2,7.5±1;12.5±1;19±1.2,,,,,,,,,,,,,,"dur,hea,joy,money",heuristic,low,judgement
have-brunch,Have brunch,canonical,food,"nutrition,energy,food",60,90,120,20,3,1,0,0,2,0,0,3,4,2,0,0,1,1,3,3,1,0,1,1,0,0,1,4,2,11±1,,,,,9-15,,,,,,,,,"dur,joy,money,open,setup,soc,typ",heuristic,low,judgement;singapore
get-bubble-tea,Get bubble tea,canonical,food,"nutrition,energy,food",10,15,30,10,1,1,0,0,0,0,0,1,3,2,0,0,1,1,3,3,1,0,1,1,0,0,1,4,2,7.5±1;12.5±1;19±1.2,,,,,10-22,,,,,,,,,"dur,hea,joy,money,open,setup",heuristic,low,judgement;singapore
eat-at-a-hawker-centre,Eat at a hawker centre,canonical,food,"nutrition,energy,food",20,30,45,10,1,1,0,0,2,0,0,1,3,2,0,0,1,1,3,3,1,0,1,1,0,0,1,4,2,7.5±1;12.5±1;19±1.2,,,,,7-22,,,,,,,,,"dur,joy,money,nov,open,setup,soc",heuristic,low,judgement;singapore
have-a-picnic,Have a picnic,canonical,food,"nutrition,energy,food",60,120,180,30,1,1,0,0,2,0,0,3,4,3,0,0,1,1,3,3,1,0,1,1,0,0,2,4,2,12.5±2,,,1,1,,,,,,,,,,"day,dur,joy,money,nov,out,rec,setup,soc,typ",heuristic,low,judgement;singapore
take-a-walk-after-eating,Take a walk after eating,canonical,food,"nutrition,energy,food",10,15,30,0,0,1,1,0,3,0,0,1,3,2,0,0,1,1,3,1,1,0,1,1,0,0,1,4,2,7.5±1;12.5±1;19±1.2,,,1,,,,,,,,,,,"act,decay,dur,ev,hea,money,out,phys,rec,setup",heuristic,low,judgement;singapore
cook-dinner,Cook dinner,canonical,cooking,"nutrition,food,saving-money",30,45,90,5,1,2,1,1,3,0,1,1,2,1,2,2,2,1,3,2,1,1,1,2,0,0,1,3,2,18.5±1,,,,,,,,,,,,,,"dur,typ",heuristic,low,judgement
cook-lunch,Cook lunch,canonical,cooking,"nutrition,food,saving-money",20,30,45,5,1,2,1,1,3,0,1,1,2,1,2,2,2,1,3,2,1,1,1,2,0,0,1,3,2,12±1,,,,,,,,,,,,,,"dur,typ",heuristic,low,judgement
meal-prep,Meal prep,canonical,cooking,"nutrition,food,saving-money",60,120,180,5,1,3,1,1,3,0,1,1,2,1,2,3,3,1,3,2,3,1,1,2,0,0,1,3,2,11±2,,,,,,,,,,,,,,"act,dur,fin,hea,hom,lt,opt,typ",heuristic,low,judgement
bake,Bake,canonical,cooking,"nutrition,food,saving-money",45,90,180,5,1,2,1,1,0,0,2,1,3,1,2,2,2,1,3,2,1,1,1,2,0,0,2,3,2,12±1;18.5±1.2,,,,,,,,,,,,,,"dur,hea,joy,lrn,nov",heuristic,low,judgement
make-a-smoothie,Make a smoothie,canonical,cooking,"nutrition,food,saving-money",5,10,15,5,1,1,1,1,3,0,1,1,2,1,2,2,2,1,3,2,1,1,1,2,0,0,1,3,2,12±1;18.5±1.2,,,,,,,,,,,,,,"act,dur,hea,joy",heuristic,low,judgement
try-a-new-recipe,Try a new recipe,canonical,cooking,"nutrition,food,saving-money",45,75,120,5,1,2,1,1,3,0,3,1,3,1,2,2,2,3,3,2,1,1,1,2,0,0,4,3,2,12±1;18.5±1.2,,,,,,,,,,,,,,"dur,joy,lrn,nov,unc",heuristic,low,judgement
pack-a-lunch,Pack a lunch,canonical,cooking,"nutrition,food,saving-money",10,15,20,5,1,2,1,1,2,0,1,1,2,1,2,3,2,1,3,2,1,1,1,2,0,0,1,3,2,7.5±1,,,,,,,,,,,,,,"dur,fin,hea,typ",heuristic,low,judgement
call-a-friend,Call a friend,canonical,relationships,"connection,relationships,belonging",10,30,60,0,0,2,0,1,1,0,0,4,3,2,0,0,3,2,3,2,2,1,3,2,0,2,1,2,3,19.5±2,,,,,,,,,,,,,,"act,dur,ev,joy,money,reg,setup,soc,typ",heuristic,low,judgement
meet-a-friend,Meet a friend,canonical,relationships,"connection,relationships,belonging",60,120,180,20,2,3,0,1,1,0,0,4,4,3,0,0,3,2,3,2,2,1,3,2,0,2,1,2,3,19.5±2,,,,,,,,,,,,,,"act,dur,joy,money,nov,rec,setup,soc",heuristic,low,judgement
call-your-parents,Call your parents,canonical,relationships,"connection,relationships,belonging",10,30,60,0,1,2,0,1,1,0,0,4,3,2,0,0,4,2,3,2,2,1,4,2,0,2,1,2,3,19.5±2,,,,,,,,,,,,,,"act,dur,lt,reg,setup,soc",heuristic,low,judgement
visit-your-family,Visit your family,canonical,relationships,"connection,relationships,belonging",90,180,300,40,1,3,0,1,1,0,0,4,3,2,0,0,4,2,3,2,2,1,4,2,0,2,1,2,3,19.5±2,,,,,,,,,,,,,,"act,dur,joy,lt,reg,setup,soc",heuristic,low,judgement
go-on-a-date,Go on a date,canonical,relationships,"connection,relationships,belonging",90,150,240,20,3,3,0,1,1,0,0,4,4,2,0,0,3,3,3,2,2,1,3,2,1,3,2,2,3,19.5±2,,,,,,,,,,,,,,"act,dn,dur,joy,money,nov,reg,setup,soc,tail,unc",heuristic,low,judgement
spend-time-with-your-partner,Spend time with your partner,canonical,relationships,"connection,relationships,belonging",30,90,180,0,1,2,0,1,1,0,0,4,4,3,0,0,4,2,3,2,2,1,3,2,0,2,1,2,3,19.5±2,,,,,,,,,,,,,,"dur,joy,lt,rec,reg,setup,soc",heuristic,low,judgement
play-with-your-kids,Play with your kids,canonical,relationships,"connection,relationships,belonging",20,60,120,0,1,2,2,1,1,0,0,4,4,2,0,0,4,2,3,2,2,1,4,2,0,2,1,2,3,18±2,,,,,,,,,,,,,,"dur,joy,lt,phys,reg,setup,soc,typ",heuristic,low,judgement
host-dinner,Host dinner,canonical,relationships,"connection,relationships,belonging",120,180,240,60,3,4,0,1,1,0,0,4,4,2,1,0,3,2,3,2,2,1,3,2,0,2,2,2,3,19.5±2,,,,,,,,,,,,,,"act,dur,hom,joy,money,nov,setup,soc,tail,unc",heuristic,low,judgement
send-a-thank-you-note,Send a thank-you note,canonical,relationships,"connection,relationships,belonging",5,10,15,0,0,1,0,1,1,0,0,3,2,2,0,0,3,2,3,2,2,1,3,2,0,2,1,2,2,19.5±2,,,,,,,,,,,,,,"act,dur,ev,joy,lt,money,setup,soc",heuristic,low,judgement
apologise-to-someone,Apologise to someone,canonical,relationships,"connection,relationships,belonging",5,15,30,0,0,4,0,1,1,0,0,4,3,1,0,0,4,3,2,2,2,1,4,2,1,2,1,2,3,19.5±2,,,,,,,,,,,,,,"act,dn,dur,lt,money,rec,reg,rev,setup,soc,tail,unc",heuristic,low,judgement
plan-the-next-meetup,Plan the next meetup,canonical,relationships,"connection,relationships,belonging",5,10,20,0,0,1,0,1,1,0,0,3,3,2,0,0,3,2,3,2,3,1,3,2,0,2,1,2,3,19.5±2,,,,,,,,,,,,,,"act,dur,money,opt,setup,soc",heuristic,low,judgement
spend-time-alone,Spend time alone,canonical,relationships,"rest,recovery,solitude",30,60,120,0,0,0,0,1,1,0,0,0,3,4,0,0,2,2,3,2,2,1,0,2,0,2,1,2,3,19.5±2,,,,,,,,,,,,,,"act,dur,joy,lt,money,rec,reg,setup,soc",heuristic,low,judgement
make-a-new-friend,Make a new friend,canonical,relationships,"connection,relationships,belonging",60,120,180,20,1,4,0,1,1,0,0,4,3,2,0,0,4,4,3,2,4,3,3,2,1,4,4,2,3,19.5±2,,,,,,,,,,,,,,"act,dn,dur,info,lt,nov,opt,setup,soc,tail,unc",heuristic,low,judgement
help-a-neighbour,Help a neighbour,canonical,relationships,"connection,relationships,belonging",15,30,90,5,1,2,1,1,1,0,0,3,3,2,0,0,3,2,3,2,2,1,3,2,0,2,1,2,3,19.5±2,,,,,,,,,,,,,,"dur,joy,lt,phys,setup,soc",heuristic,low,judgement
volunteer,Volunteer,canonical,relationships,"connection,relationships,belonging",90,180,240,30,1,3,0,1,1,0,0,3,3,2,0,0,3,2,3,2,2,1,3,2,0,2,2,2,2,19.5±2,,,,,,,,,,,,,,"act,dur,ev,joy,lt,nov,setup,soc,tail",heuristic,low,judgement
write-a-letter,Write a letter,canonical,relationships,"connection,relationships,belonging",15,30,45,0,1,2,0,1,1,0,0,3,2,2,0,0,3,2,3,2,2,1,3,2,0,2,1,2,3,19.5±2,,,,,,,,,,,,,,"act,dur,joy,setup,soc",heuristic,low,judgement
attend-a-birthday-party,Attend a birthday party,canonical,relationships,"connection,relationships,belonging",120,180,240,30,2,3,0,1,1,0,0,4,3,2,0,0,3,2,1,4,2,1,4,2,0,2,1,2,3,19.5±2,,,,,,,,,,,,,,"act,decay,dur,joy,money,reg,rev,setup,soc",heuristic,low,judgement
resolve-a-conflict,Resolve a conflict,canonical,relationships,"connection,relationships,belonging",15,30,60,0,1,4,0,1,1,0,0,4,0,0,0,0,4,4,2,2,2,1,4,2,2,2,1,2,3,19.5±2,,,,,,,,,,,,,,"act,dn,dur,joy,lt,rec,reg,rev,setup,soc,tail,unc",heuristic,low,judgement
check-in-on-a-friend,Check in on a friend,canonical,relationships,"connection,relationships,belonging",5,10,20,0,1,1,0,1,1,0,0,4,3,2,0,0,3,2,3,2,2,1,3,2,0,2,1,2,2,19.5±2,,,,,,,,,,,,,,"act,dur,ev,reg,setup,soc",heuristic,low,judgement
reply-to-email,Reply to email,canonical,communication,"communication,coordination,admin",5,20,45,0,0,1,0,2,0,3,0,1,0,0,1,0,1,1,3,3,1,1,1,2,0,1,0,4,1,9.5±1.5;16±2,,,,,,,,,,,,,,"car,dur,soc",heuristic,low,judgement
send-a-text-message,Send a text message,canonical,communication,"communication,coordination,admin",2,5,10,0,0,0,0,2,0,0,0,3,1,0,1,0,1,1,3,2,1,1,1,2,0,1,0,4,1,9.5±1.5;16±2,,,,,,,,,,,,,,"act,car,decay,dur,joy,soc",heuristic,low,judgement
reply-to-messages,Reply to messages,canonical,communication,"communication,coordination,admin",5,15,30,0,0,1,0,2,0,1,0,2,0,0,1,0,1,1,3,3,1,1,1,2,0,1,0,4,1,9.5±1.5;16±2,,,,,,,,,,,,,,"act,car,dur,soc",heuristic,low,judgement
check-slack,Check Slack,canonical,communication,"communication,coordination,admin",5,15,30,0,0,0,0,2,0,2,0,1,0,0,1,0,1,1,3,3,1,1,0,3,0,1,0,3,1,10±2;14±2,,,,,,,,,,,,,,"act,car,dur,freq,intr,reg,typ",heuristic,low,judgement
make-a-phone-call,Make a phone call,canonical,communication,"communication,coordination,admin",5,10,30,0,0,3,0,2,0,2,0,2,0,0,2,0,1,1,3,3,1,2,1,2,0,1,0,4,1,9.5±1.5;16±2,,,,,,,,,,,,,,"act,car,dur,hom,info,soc",heuristic,low,judgement
schedule-an-appointment,Schedule an appointment,canonical,communication,"communication,coordination,admin",5,10,20,0,0,2,0,2,0,2,0,1,0,0,3,0,1,1,3,3,2,1,1,2,0,1,0,4,1,9.5±1.5;16±2,,,,,,,,,,,,,,"act,decay,dur,hom,opt",heuristic,low,judgement
batch-your-messages,Batch your messages,canonical,communication,"communication,coordination,admin",15,30,45,0,0,2,0,2,0,2,0,1,0,0,1,0,1,1,3,3,1,1,1,2,0,1,0,4,1,9.5±1.5;16±2,,,,,,,,,,,,,,"act,car,dur,ev,hom",heuristic,low,judgement
turn-off-notifications,Turn off notifications,canonical,communication,"focus,rest",1,1,2,0,0,0,0,2,1,2,0,1,0,0,1,0,2,1,3,3,2,1,1,2,0,1,0,4,1,9.5±1.5;16±2,,,,,,,,,,,,,,"act,car,dur,hea,lt,opt",heuristic,low,judgement
write-a-difficult-email,Write a difficult email,canonical,communication,"communication,coordination,admin",15,30,60,0,0,4,0,3,0,3,0,1,0,0,1,0,1,3,3,3,1,1,3,2,2,1,0,4,1,9.5±1.5;16±2,,,,,,,,,,,,,,"act,car,cog,dn,dur,reg,unc",heuristic,low,judgement
post-an-update-online,Post an update online,canonical,communication,"communication,coordination,admin",5,15,30,0,0,1,0,2,0,1,0,2,1,0,1,0,1,2,2,3,1,1,1,2,2,2,0,4,1,9.5±1.5;16±2,,,,,,reputational harm,low,2,3,yes,"tone, permanence",,,"car,dn,dur,joy,rev,soc,tail,unc",heuristic,low,judgement
set-a-reminder,Set a reminder,canonical,communication,"communication,coordination,admin",1,2,3,0,0,0,0,2,0,2,0,1,0,0,2,0,1,1,3,3,2,1,0,2,0,1,0,4,1,9.5±1.5;16±2,,,,,,,,,,,,,,"act,dur,hom,opt,reg",heuristic,low,judgement
watch-a-film,Watch a film,canonical,leisure,"enjoyment,relaxation,leisure",90,120,150,0,0,1,0,1,0,0,1,1,4,3,0,0,1,1,4,0,1,1,0,1,0,0,1,3,1,21±1.5,,,,,,,,,,,,,,"dur,joy,rec,soc,typ",heuristic,low,judgement
watch-tv,Watch TV,canonical,leisure,"enjoyment,relaxation,leisure",30,60,180,0,0,1,0,1,0,0,1,0,3,3,0,0,0,1,4,0,1,1,0,1,0,0,1,3,1,21±1.5,,,,,,,,,,,,,,"dur,joy,lt,rec,typ",heuristic,low,judgement
play-video-games,Play video games,canonical,leisure,"enjoyment,relaxation,leisure",30,90,180,0,0,1,0,2,0,0,1,0,4,2,0,0,0,1,4,0,1,1,0,1,1,0,1,3,1,21±2,,,,,,,,,,,,,,"cog,dn,dur,joy,lt,rec",heuristic,low,judgement
play-a-board-game,Play a board game,canonical,leisure,"enjoyment,relaxation,leisure",30,60,120,0,0,1,0,2,0,0,1,3,4,3,0,0,1,1,4,0,1,1,0,1,0,0,1,3,1,21±2,,,,,,,,,,,,,,"cog,dur,joy,lrn,soc",heuristic,low,judgement
read-a-novel,Read a novel,canonical,leisure,"enjoyment,relaxation,leisure",20,45,120,0,0,1,0,2,0,0,1,0,4,3,0,0,1,1,4,0,1,1,0,1,0,0,1,3,1,22±1.5,,,,,,,,,,,,,,"cog,dur,ev,joy,lrn,rec,typ",heuristic,low,judgement
listen-to-music,Listen to music,canonical,leisure,"enjoyment,relaxation,leisure",10,30,60,0,0,0,0,0,0,0,1,0,4,3,0,0,1,1,4,0,1,1,0,1,0,0,1,3,1,21±2,,,,,,,,,,,,,,"act,cog,dur,joy,rec",heuristic,low,judgement
put-on-music,Put on music,canonical,leisure,"enjoyment,relaxation,leisure",1,1,2,0,0,0,0,1,0,0,1,0,2,1,0,0,1,1,4,0,1,1,0,1,0,0,1,3,1,21±2,,,,,,,,,,,,,,"act,dur,joy,rec",heuristic,low,judgement
go-to-a-museum,Go to a museum,canonical,leisure,"enjoyment,relaxation,leisure",90,120,180,30,2,3,0,1,0,0,3,0,3,3,0,0,1,1,4,0,1,1,0,1,0,0,3,3,1,14±2,,,,,10-19,,,,,,,,,"act,dur,joy,lrn,money,nov,open,setup,typ",heuristic,low,judgement;singapore
go-to-a-concert,Go to a concert,canonical,leisure,"enjoyment,relaxation,leisure",120,180,240,30,3,3,0,1,0,0,1,2,4,3,0,0,1,1,1,4,1,1,0,1,0,0,3,3,1,20.5±1,,,,,19-23.5,,,,,,,,,"act,decay,dur,joy,money,nov,open,rev,setup,soc,typ",heuristic,low,judgement;singapore
do-a-puzzle,Do a puzzle,canonical,leisure,"enjoyment,relaxation,leisure",15,30,60,0,0,1,0,2,0,0,1,0,3,2,0,0,1,1,4,0,1,1,0,1,0,0,1,3,1,21±2,,,,,,,,,,,,,,"cog,dur,joy,lrn,rec",heuristic,low,judgement
garden,Garden,canonical,leisure,"enjoyment,relaxation,leisure",15,30,90,0,0,1,2,1,2,0,1,0,3,3,2,0,1,1,4,0,1,1,0,1,0,0,1,3,1,21±2,,,1,,,,,,,,,,,"dur,hea,hom,joy,out,phys,rec",heuristic,low,judgement;singapore
go-to-the-beach,Go to the beach,canonical,leisure,"enjoyment,relaxation,leisure",90,150,240,30,0,1,1,1,0,0,1,2,4,4,0,0,1,1,4,0,1,1,0,1,0,0,2,3,1,16±2,,,1,1,,,,,,,,,,"day,dur,joy,nov,out,phys,rec,setup,soc,typ",heuristic,low,judgement;singapore
go-to-the-park,Go to the park,canonical,leisure,"enjoyment,relaxation,leisure",30,60,120,15,0,1,1,1,2,0,1,0,3,4,0,0,1,1,4,0,1,1,0,1,0,0,1,3,2,17±2,,,1,,,,,,,,,,,"dur,ev,hea,joy,out,phys,rec,setup,typ",heuristic,low,judgement;singapore
people-watch-at-a-cafe,People-watch at a café,canonical,leisure,"enjoyment,relaxation,leisure",30,60,90,15,1,1,0,1,0,0,1,0,3,3,0,0,1,1,4,0,1,1,0,1,0,0,2,3,1,21±2,,,,,8-22,,,,,,,,,"dur,joy,money,nov,open,rec,setup",heuristic,low,judgement;singapore
go-shopping-for-fun,Go shopping for fun,canonical,leisure,"enjoyment,relaxation,leisure",60,90,150,20,3,1,0,1,0,0,1,1,2,3,0,0,1,1,4,0,1,1,0,1,1,0,2,3,1,21±2,,,,,10-22,,,,,,,,,"dn,dur,fin,joy,money,nov,open,setup,soc",heuristic,low,judgement;singapore
do-something-useful,Do something useful,canonical,leisure,"progress,order",15,30,60,0,0,2,0,1,0,2,1,0,1,0,2,0,2,1,4,0,1,1,0,1,0,0,1,3,1,21±2,,,,,,,,,,,,,,"act,car,dur,hom,joy,lt,rec",heuristic,low,judgement
consume-instead-of-create,Consume instead of create,canonical,leisure,"enjoyment,relaxation,leisure",20,40,90,0,0,0,0,1,0,0,1,0,2,2,0,0,0,1,4,0,1,1,0,1,0,0,1,3,1,21±2,,,,,,,,,,,,,,"act,dur,joy,lrn,lt,rec",heuristic,low,judgement
go-to-a-bookshop,Go to a bookshop,canonical,leisure,"enjoyment,relaxation,leisure",30,60,90,20,1,1,0,1,0,0,2,0,3,3,0,0,1,1,4,0,1,1,0,1,0,0,2,3,1,21±2,,,,,10-21.5,,,,,,,,,"dur,joy,lrn,money,nov,open,setup",heuristic,low,judgement;singapore
watch-sport,Watch sport,canonical,leisure,"enjoyment,relaxation,leisure",90,120,150,0,0,1,0,1,0,0,1,2,4,2,0,0,1,1,4,3,1,1,0,1,0,0,1,3,1,20±2,,,,,,,,,,,,,,"decay,dur,joy,rec,soc,typ",heuristic,low,judgement
karaoke,Karaoke,canonical,leisure,"enjoyment,relaxation,leisure",60,120,180,20,2,1,0,1,0,0,1,4,4,3,0,0,1,1,4,0,1,1,0,1,0,0,2,3,1,21±1.5,,,,,12-26,,,,,,,,,"dur,joy,money,nov,open,setup,soc,typ",heuristic,low,judgement;singapore
watch-youtube,Watch YouTube,canonical,digital,"entertainment,distraction,news",10,30,120,0,0,0,0,1,0,0,1,1,3,1,0,0,0,1,4,0,0,1,0,1,1,0,1,4,1,21.5±2.5,,,,,,,,,,,,,,"dn,dur,joy,lrn,rec,reg",heuristic,low,judgement
scroll-social-media,Scroll social media,canonical,digital,"entertainment,distraction,news",5,20,60,0,0,0,0,1,0,0,1,1,2,0,0,0,0,1,4,0,0,1,0,1,1,0,1,4,1,21.5±2.5,,,,,,,,,,,,,,"dn,dur,ev,hea,joy,lt,rec,reg,soc",heuristic,low,judgement
read-the-news,Read the news,canonical,digital,"entertainment,distraction,news",10,20,45,0,0,0,0,1,0,0,2,1,1,0,0,0,0,1,4,0,0,2,0,1,1,0,1,4,1,8±1.5;20±2,,,,,,,,,,,,,,"dur,info,joy,lrn,rec,typ",heuristic,low,judgement
check-your-phone,Check your phone,canonical,digital,"entertainment,distraction,news",2,5,15,0,0,0,0,1,0,0,1,1,1,0,0,0,0,1,4,0,0,1,0,2,1,0,1,4,1,21.5±2.5,,,,,,,,,,,,,,"dur,intr,joy,lt,rec",heuristic,low,judgement
browse-the-internet,Browse the internet,canonical,digital,"entertainment,distraction,news",10,30,90,0,0,0,0,1,0,0,1,1,2,1,0,0,0,1,4,0,0,1,0,1,1,0,1,4,1,21.5±2.5,,,,,,,,,,,,,,"dur,joy,lrn,nov",heuristic,low,judgement
play-a-mobile-game,Play a mobile game,canonical,digital,"entertainment,distraction,news",5,15,45,0,0,0,0,1,0,0,1,1,2,1,0,0,0,1,4,0,0,1,0,1,1,0,1,4,1,21.5±2.5,,,,,,,,,,,,,,"dn,dur,joy,lt,rec",heuristic,low,judgement
set-a-timer,Set a timer,canonical,digital,"focus,discipline",1,1,1,0,0,0,0,1,0,1,1,1,2,1,0,0,1,1,4,0,1,1,0,1,1,0,1,4,1,21.5±2.5,,,,,,,,,,,,,,"act,car,dur,lt,opt",heuristic,low,judgement
clear-your-downloads,Clear your downloads,canonical,digital,"entertainment,distraction,news",10,15,30,0,0,1,0,1,0,0,1,1,1,1,2,0,0,1,4,0,0,1,0,1,1,0,1,4,1,21.5±2.5,,,,,,,,,,,,,,"act,dur,hom,joy",heuristic,low,judgement
back-up-your-files,Back up your files,canonical,digital,"security,admin",10,20,60,0,0,2,0,1,0,0,1,1,2,1,2,2,4,1,4,1,3,1,3,1,0,0,1,4,1,21.5±2.5,,,,,,,,,,,,,,"act,decay,dn,dur,fin,hom,lt,opt,reg",heuristic,low,judgement
update-your-software,Update your software,canonical,digital,"entertainment,distraction,news",10,20,45,0,0,1,0,1,0,0,1,1,2,1,2,0,2,1,4,0,0,1,0,1,0,0,1,4,1,21.5±2.5,,,,,,,,,,,,,,"act,dn,dur,hom,lt",heuristic,low,judgement
clean-your-room,Clean your room,canonical,household,"home,order,chores",15,30,60,0,0,2,2,0,1,0,0,0,1,1,4,0,2,0,4,1,1,0,1,1,0,0,0,3,1,10.5±2.5;19.5±1.5,,,,,,,,,,,,,,"dur,hom,joy,rec",heuristic,low,judgement
do-the-laundry,Do the laundry,canonical,household,"home,order,chores",10,20,30,0,0,2,2,0,1,0,0,0,0,0,4,0,2,0,4,2,1,0,1,1,0,0,0,3,1,10.5±2.5;19.5±1.5,,,,,,,,,,,,,,"decay,dur,hom",heuristic,low,judgement
fold-the-laundry,Fold the laundry,canonical,household,"home,order,chores",10,15,30,0,0,2,1,0,1,0,0,0,0,0,3,0,2,0,4,1,1,0,1,1,0,0,0,3,1,10.5±2.5;19.5±1.5,,,,,,,,,,,,,,"dur,hom,phys",heuristic,low,judgement
do-the-dishes,Do the dishes,canonical,household,"home,order,chores",10,15,30,0,0,2,2,0,1,0,0,0,0,0,4,0,2,0,4,2,1,0,1,1,0,0,0,3,1,10.5±2.5;19.5±1.5,,,,,,,,,,,,,,"decay,dur,hom",heuristic,low,judgement
vacuum,Vacuum,canonical,household,"home,order,chores",15,20,45,0,0,2,2,0,1,0,0,0,0,0,4,0,2,0,4,1,1,0,1,1,0,0,0,3,1,10.5±2.5;19.5±1.5,,,,,,,,,,,,,,"dur,hom,phys",heuristic,low,judgement
mop-the-floor,Mop the floor,canonical,household,"home,order,chores",15,30,45,0,0,2,2,0,1,0,0,0,0,0,4,0,2,0,4,1,1,0,1,1,0,0,0,3,1,10.5±2.5;19.5±1.5,,,,,,,,,,,,,,"dur,hom,phys",heuristic,low,judgement
clean-the-bathroom,Clean the bathroom,canonical,household,"home,order,chores",20,30,60,0,0,3,2,0,1,0,0,0,0,0,4,0,2,0,4,1,1,0,1,1,0,0,0,3,1,10.5±2.5;19.5±1.5,,,,,,,,,,,,,,"act,dur,hom,joy",heuristic,low,judgement
clean-the-kitchen,Clean the kitchen,canonical,household,"home,order,chores",15,30,60,0,0,2,2,0,1,0,0,0,0,0,4,0,2,0,4,1,1,0,1,1,0,0,0,3,1,10.5±2.5;19.5±1.5,,,,,,,,,,,,,,"dur,hom",heuristic,low,judgement
take-out-the-rubbish,Take out the rubbish,canonical,household,"home,order,chores",2,5,10,0,0,1,2,0,1,0,0,0,0,0,3,0,2,0,4,3,1,0,1,1,0,0,0,3,1,10.5±2.5;19.5±1.5,,,,,,,,,,,,,,"act,decay,dur,hom",heuristic,low,judgement
change-the-bed-sheets,Change the bed sheets,canonical,household,"home,order,chores",10,15,20,0,0,2,2,0,1,0,0,0,1,0,3,0,2,0,4,1,1,0,1,1,0,0,0,3,1,10.5±2.5;19.5±1.5,,,,,,,,,,,,,,"dur,hea,hom,joy",heuristic,low,judgement
declutter,Declutter,canonical,household,"home,order,chores",30,60,180,0,0,2,2,0,1,0,0,0,1,1,4,0,3,0,4,1,2,0,1,1,0,0,0,3,1,10.5±2.5;19.5±1.5,,,,,,,,,,,,,,"dur,hom,joy,lt,opt,rec",heuristic,low,judgement
fix-something-broken,Fix something broken,canonical,household,"home,order,chores",15,45,120,0,0,3,2,2,1,0,2,0,0,0,4,2,2,2,4,1,1,0,1,1,0,0,0,3,1,10.5±2.5;19.5±1.5,,,,,,,,,,,,,,"act,cog,dur,fin,hom,lrn,unc",heuristic,low,judgement
water-the-plants,Water the plants,canonical,household,"home,order,chores",2,5,10,0,0,0,2,0,1,0,0,0,1,0,2,0,2,0,4,1,1,0,1,1,0,0,0,3,1,10.5±2.5;19.5±1.5,,,,,,,,,,,,,,"act,dur,hom,joy",heuristic,low,judgement
leave-it-for-now,Leave it for now,canonical,household,waiting,1,1,1,0,0,0,0,0,1,0,0,0,0,1,0,0,2,0,4,0,2,0,1,1,0,0,0,3,1,10.5±2.5;19.5±1.5,,,,,,,,,,,,,,"act,decay,dur,hom,opt,phys,rec,reg",heuristic,low,judgement
iron-clothes,Iron clothes,canonical,household,"home,order,chores",10,20,40,0,0,2,2,0,1,0,0,0,0,0,3,0,2,0,4,1,1,0,1,1,0,0,0,3,1,10.5±2.5;19.5±1.5,,,,,,,,,,,,,,"dur,hom",heuristic,low,judgement
organise-a-cupboard,Organise a cupboard,canonical,household,"home,order,chores",20,45,90,0,0,2,2,0,1,0,0,0,0,0,4,0,2,0,4,1,1,0,1,1,0,0,0,3,1,10.5±2.5;19.5±1.5,,,,,,,,,,,,,,"dur,hom,opt",heuristic,low,judgement
clean-the-fridge,Clean the fridge,canonical,household,"home,order,chores",15,20,40,0,0,2,2,0,1,0,0,0,0,0,3,0,2,0,4,1,1,0,1,1,0,0,0,3,1,10.5±2.5;19.5±1.5,,,,,,,,,,,,,,"dur,hea,hom",heuristic,low,judgement
deep-clean-the-house,Deep clean the house,canonical,household,"home,order,chores",120,180,300,0,0,4,3,0,1,0,0,0,0,0,4,0,2,0,4,1,1,0,1,1,0,0,0,3,1,10.5±2.5;19.5±1.5,,,,,,,,,,,,,,"act,dur,hom,lt,phys",heuristic,low,judgement
make-your-bed,Make your bed,canonical,household,"home,order,chores",2,3,5,0,0,1,2,0,1,0,0,0,1,0,2,0,2,0,4,1,1,0,1,1,0,0,0,3,0,10.5±2.5;19.5±1.5,,,,,,,,,,,,,,"act,dur,ev,hom,joy",heuristic,low,judgement
feed-the-pet,Feed the pet,canonical,household,"home,order,chores",2,5,10,0,0,2,2,0,1,0,0,1,0,0,2,0,2,0,4,4,1,0,4,1,0,0,0,3,1,10.5±2.5;19.5±1.5,,,,,,,,,,,,,,"decay,dur,hom,reg,soc",heuristic,low,judgement
go-grocery-shopping,Go grocery shopping,canonical,errands,"errands,chores,admin",20,40,75,15,2,2,1,1,2,0,0,0,0,0,4,1,2,1,3,2,1,0,2,1,0,0,0,2,1,11±2.5;17.5±1.5,,,,,7-23,,,,,,,,,"dur,fin,hea,hom,money,open",heuristic,low,judgement;singapore
go-to-the-post-office,Go to the post office,canonical,errands,"errands,chores,admin",15,30,45,15,1,2,1,1,0,0,0,0,0,0,2,1,2,1,3,2,1,0,2,1,0,0,0,2,1,11±2.5;17.5±1.5,,,,,9-18,,,,,,,,,"decay,dur,hom,open",heuristic,low,judgement;singapore
go-to-the-bank,Go to the bank,canonical,errands,"errands,chores,admin",15,30,60,15,1,2,1,1,0,0,0,0,0,0,2,2,2,1,3,2,1,0,2,1,0,0,0,2,1,11±2.5;17.5±1.5,,,,,9.5-16.5,,,,,,,,,"dur,fin,hom,open",heuristic,low,judgement;singapore
pick-up-a-parcel,Pick up a parcel,canonical,errands,"errands,chores,admin",10,15,30,15,1,2,1,1,0,0,0,0,0,0,3,1,2,1,3,3,1,0,2,1,0,0,0,2,1,11±2.5;17.5±1.5,,,,,8-22,,,,,,,,,"decay,dur,hom,open",heuristic,low,judgement;singapore
return-an-item,Return an item,canonical,errands,"errands,chores,admin",10,20,45,15,1,2,1,1,0,0,0,0,0,0,2,3,2,1,3,3,1,0,3,1,0,0,0,2,1,11±2.5;17.5±1.5,,,,,10-22,,,,,,,,,"decay,dur,fin,hom,open,reg",heuristic,low,judgement;singapore
get-the-car-serviced,Get the car serviced,canonical,errands,"errands,chores,admin",60,120,240,15,3,2,1,1,0,0,0,0,0,0,2,1,3,1,3,1,1,0,2,1,0,0,0,2,1,11±2.5;17.5±1.5,,,,,8.5-17.5,,,,,,,,,"decay,dn,dur,hom,lt,money,open",heuristic,low,judgement;singapore
fill-up-petrol,Fill up petrol,canonical,errands,"errands,chores,admin",10,15,20,15,3,2,1,1,0,0,0,0,0,0,2,1,2,1,3,3,1,0,2,1,0,0,0,2,1,11±2.5;17.5±1.5,,,,,,,,,,,,,,"decay,dur,hom,money",heuristic,low,judgement
batch-your-errands,Batch your errands,canonical,errands,"errands,chores,admin",45,90,120,15,1,3,1,1,0,0,0,0,0,0,4,1,2,1,3,2,1,0,2,1,0,0,0,2,1,11±2.5;17.5±1.5,,,,,,,,,,,,,,"act,dur,ev,fin,hom",heuristic,low,judgement
order-it-online,Order it online,canonical,errands,"errands,chores,admin",5,10,20,0,2,1,1,1,0,0,0,0,1,0,3,1,2,1,3,2,1,0,2,1,0,0,0,2,1,11±2.5;17.5±1.5,,,,,,,,,,,,,,"act,dur,hom,joy,money,setup",heuristic,low,judgement
drop-off-dry-cleaning,Drop off dry cleaning,canonical,errands,"errands,chores,admin",10,20,30,15,1,2,1,1,0,0,0,0,0,0,2,1,2,1,3,2,1,0,2,1,0,0,0,2,1,11±2.5;17.5±1.5,,,,,9-20,,,,,,,,,"dur,hom,open",heuristic,low,judgement;singapore
buy-a-gift,Buy a gift,canonical,errands,"errands,chores,admin",20,45,90,15,2,2,1,1,0,0,0,3,2,0,3,1,2,2,3,3,1,0,3,1,0,0,0,2,1,11±2.5;17.5±1.5,,,,,,,,,,,,,,"decay,dur,joy,money,reg,soc,unc",heuristic,low,judgement
renew-your-passport,Renew your passport,canonical,errands,"errands,chores,admin",20,45,90,15,1,3,1,1,0,0,0,0,0,0,3,1,3,1,3,2,4,0,4,1,0,0,0,2,1,11±2.5;17.5±1.5,,,,,,,,,,,,,,"act,decay,dur,hom,lt,opt,reg",heuristic,low,judgement
buy-this,Buy this,canonical,purchases,"shopping,purchase,possessions",5,10,20,0,2,1,0,2,0,0,0,0,3,0,1,0,1,2,2,1,1,2,1,1,1,0,2,2,1,20.5±2.5;12.5±1.5,,,,,,,,,,,,,,"dur,joy,money,reg,rev,unc",heuristic,low,judgement
buy-headphones,Buy headphones,canonical,purchases,"shopping,purchase,possessions",15,30,60,0,3,1,0,2,0,0,0,0,3,0,1,0,2,2,3,1,1,2,1,1,1,0,2,2,1,20.5±2.5;12.5±1.5,,,,,,,,,,,,,,"dur,joy,lt,money,rev",heuristic,low,judgement
buy-a-laptop,Buy a laptop,canonical,purchases,"shopping,purchase,possessions",60,120,240,0,4,1,0,2,0,2,0,0,3,0,1,0,3,2,2,1,1,3,1,1,1,0,2,2,1,20.5±2.5;12.5±1.5,,,,,,,,,,,,,,"car,dur,info,joy,lt,money,rev,unc",heuristic,low,judgement
buy-a-new-phone,Buy a new phone,canonical,purchases,"shopping,purchase,possessions",30,60,120,0,4,1,0,2,0,0,0,0,3,0,1,0,1,2,2,1,1,2,1,1,1,0,2,2,1,20.5±2.5;12.5±1.5,,,,,,,,,,,,,,"dur,joy,lt,money,rev",heuristic,low,judgement
buy-clothes,Buy clothes,canonical,purchases,"shopping,purchase,possessions",20,45,90,0,2,1,0,2,0,0,0,0,3,0,1,0,1,2,3,1,1,2,1,1,1,0,2,2,1,20.5±2.5;12.5±1.5,,,,,,,,,,,,,,"dur,joy,money,rev",heuristic,low,judgement
buy-a-book,Buy a book,canonical,purchases,"shopping,purchase,possessions",5,10,20,0,1,1,0,2,0,0,3,0,3,0,1,0,2,2,3,1,1,2,0,1,1,0,2,2,1,20.5±2.5;12.5±1.5,,,,,,,,,,,,,,"dur,joy,lrn,lt,money,reg,rev",heuristic,low,judgement
buy-a-gadget,Buy a gadget,canonical,purchases,"shopping,purchase,possessions",20,40,90,0,3,1,0,2,0,0,0,0,3,0,1,0,1,2,2,1,1,2,1,1,1,0,3,2,1,20.5±2.5;12.5±1.5,,,,,,,,,,,,,,"dur,joy,lt,money,nov,rev",heuristic,low,judgement
buy-furniture,Buy furniture,canonical,purchases,"shopping,purchase,possessions",60,120,240,0,4,1,0,2,0,0,0,0,2,0,3,0,3,2,1,1,1,2,1,1,1,0,2,2,1,20.5±2.5;12.5±1.5,,,,,,,,,,,,,,"dur,hom,joy,lt,money,rev",heuristic,low,judgement
buy-a-bike,Buy a bike,canonical,purchases,"shopping,purchase,possessions",60,120,240,0,4,1,0,2,3,0,0,0,3,0,1,0,3,2,2,1,2,2,1,1,1,0,2,2,1,20.5±2.5;12.5±1.5,,,,,,,,,,,,,,"dur,hea,joy,lt,money,opt",heuristic,low,judgement
buy-running-shoes,Buy running shoes,canonical,purchases,"shopping,purchase,possessions",20,45,90,0,3,1,0,2,2,0,0,0,2,0,1,0,2,2,2,1,1,2,1,1,1,0,2,2,1,20.5±2.5;12.5±1.5,,,,,,,,,,,,,,"dur,hea,joy,lt,money",heuristic,low,judgement
subscribe-to-a-service,Subscribe to a service,canonical,purchases,"shopping,purchase,possessions",5,10,15,0,2,1,0,2,0,0,0,0,2,0,1,0,1,2,3,1,1,2,0,1,2,0,2,2,1,20.5±2.5;12.5±1.5,,,,,,,,,,,,,,"dn,dur,joy,money,reg,rev",heuristic,low,judgement
cancel-a-subscription,Cancel a subscription,canonical,purchases,"saving-money,admin",5,10,20,0,0,2,0,2,0,0,0,0,0,0,2,3,2,2,3,1,1,2,1,1,1,0,2,2,1,20.5±2.5;12.5±1.5,,,,,,,,,,,,,,"act,dur,fin,hom,joy,lt,money,reg,rev",heuristic,low,judgement
wait-24-hours-before-buying,Wait 24 hours before buying,canonical,purchases,"saving-money,deliberation",1,1,1,0,0,1,0,2,0,0,0,0,0,0,1,2,1,0,4,1,4,3,1,1,1,0,2,2,1,20.5±2.5;12.5±1.5,,,,,,,,,,,,,,"act,dur,fin,info,joy,money,opt,reg,rev,unc",heuristic,low,judgement
save-the-money,Save the money,canonical,purchases,"saving-money,security",1,1,1,0,0,1,0,2,0,0,0,0,0,0,1,4,3,2,4,1,4,2,1,1,1,0,2,2,1,20.5±2.5;12.5±1.5,,,,,,,,,,,,,,"act,dur,fin,joy,lt,money,opt,reg,rev",heuristic,low,judgement
read-reviews,Read reviews,canonical,purchases,"shopping,purchase,possessions",10,20,45,0,0,1,0,2,0,0,0,0,1,0,1,0,1,0,4,1,1,4,1,1,1,0,2,2,1,20.5±2.5;12.5±1.5,,,,,,,,,,,,,,"cog,dur,info,joy,money,rev,unc",heuristic,low,judgement
compare-prices,Compare prices,canonical,purchases,"shopping,purchase,possessions",10,20,45,0,0,1,0,2,0,0,0,0,0,0,1,2,1,2,4,1,1,3,1,1,1,0,2,2,1,20.5±2.5;12.5±1.5,,,,,,,,,,,,,,"dur,fin,info,joy,money,rev",heuristic,low,judgement
buy-it-second-hand,Buy it second-hand,canonical,purchases,"shopping,purchase,possessions",20,45,90,0,1,1,0,2,0,0,0,0,2,0,1,3,1,3,2,1,1,2,1,1,1,0,2,2,1,20.5±2.5;12.5±1.5,,,,,,,,,,,,,,"dur,fin,money,nov,rev,unc",heuristic,low,judgement
borrow-it-instead,Borrow it instead,canonical,purchases,"shopping,purchase,possessions",10,20,30,0,0,1,0,2,0,0,0,2,1,0,1,3,1,2,4,1,3,2,1,1,1,0,2,2,1,20.5±2.5;12.5±1.5,,,,,,,,,,,,,,"dur,fin,joy,money,opt,rev,soc",heuristic,low,judgement
buy-a-plant,Buy a plant,canonical,purchases,"shopping,purchase,possessions",15,30,60,0,1,1,0,2,0,0,0,0,3,0,2,0,1,2,2,1,1,2,1,1,1,0,2,2,1,20.5±2.5;12.5±1.5,,,,,,,,,,,,,,"dur,hom,joy,money,rev",heuristic,low,judgement
buy-a-lottery-ticket,Buy a lottery ticket,canonical,purchases,"shopping,purchase,possessions",5,10,15,0,1,1,0,2,0,0,0,0,2,0,1,0,1,4,2,1,1,2,0,1,1,4,2,2,1,20.5±2.5;12.5±1.5,,,,,,,,,,,,,,"car,dn,dur,fin,joy,money,reg,tail,unc",heuristic,low,judgement
go-on-a-day-trip,Go on a day trip,canonical,travel,"adventure,novelty,enjoyment,travel",240,480,720,45,2,3,2,1,1,0,2,2,4,3,0,0,2,2,2,2,2,3,2,2,1,2,4,1,1,10±2.5,,,,,,,,,,,,,,"dur,joy,money,nov,rec,setup,soc",heuristic,low,judgement
book-a-holiday,Book a holiday,canonical,travel,"adventure,novelty,enjoyment,travel",30,60,120,0,4,3,0,1,1,0,2,2,4,3,0,0,2,2,2,2,2,3,2,2,1,2,3,1,1,10±2.5,,,,,,,,,,,,,,"act,dur,joy,lt,money,nov,opt,phys,rec,rev,setup,unc",heuristic,low,judgement
take-a-weekend-trip,Take a weekend trip,canonical,travel,"adventure,novelty,enjoyment,travel",600,1440,2880,60,4,3,2,1,1,0,2,2,4,4,0,0,2,2,2,2,2,3,2,2,1,2,3,1,1,10±2.5,,,,,,,,,,,,,,"dur,joy,money,nov,rec,setup,soc",heuristic,low,judgement
visit-a-new-neighbourhood,Visit a new neighbourhood,canonical,travel,"adventure,novelty,enjoyment,travel",60,120,180,20,1,3,2,1,1,0,2,2,3,2,0,0,2,2,2,2,2,2,2,2,1,2,4,1,1,10±2.5,,,1,1,,,,,,,,,,"day,dur,info,joy,money,nov,out,phys,setup,tail",heuristic,low,judgement;singapore
go-to-the-airport,Go to the airport,canonical,travel,"adventure,novelty,enjoyment,travel",60,120,180,30,1,3,2,1,1,0,2,2,0,2,0,0,2,2,0,4,2,3,4,2,1,2,3,1,1,10±2.5,,,,,,,,,,,,,,"act,decay,dur,joy,money,reg,rev,setup",heuristic,low,judgement
pack-a-bag,Pack a bag,canonical,travel,"adventure,novelty,enjoyment,travel",15,30,60,0,0,2,1,1,1,0,2,2,0,2,2,0,2,2,2,3,2,3,2,2,1,2,3,1,1,10±2.5,,,,,,,,,,,,,,"act,decay,dur,hom,joy,money,phys,setup",heuristic,low,judgement
check-the-weather,Check the weather,canonical,travel,"adventure,novelty,enjoyment,travel",1,2,3,0,0,0,0,1,1,0,2,2,0,0,0,0,2,2,2,2,2,3,2,2,1,2,0,1,1,10±2.5,,,,,,,,,,,,,,"act,dur,info,joy,money,nov,phys,rec,setup",heuristic,low,judgement
stay-home,Stay home,canonical,travel,"rest,saving-money",30,120,240,0,0,0,0,1,1,0,2,0,2,3,0,0,2,0,4,2,2,0,2,2,1,2,0,1,1,10±2.5,,,,,,,,,,,,,,"act,dur,info,joy,money,nov,phys,rec,rev,setup,soc,unc",heuristic,low,judgement
take-public-transport,Take public transport,canonical,travel,"adventure,novelty,enjoyment,travel",15,30,60,5,1,1,1,1,1,0,2,2,1,2,0,1,2,2,2,2,2,3,2,2,1,2,1,1,1,10±2.5,,,,,,,,,,,,,,"act,dur,fin,joy,money,nov,phys,setup",heuristic,low,judgement
take-a-taxi,Take a taxi,canonical,travel,"adventure,novelty,enjoyment,travel",10,20,40,5,2,0,0,1,1,0,2,2,2,2,0,0,2,2,2,2,2,3,2,2,1,2,3,1,1,10±2.5,,,,,,road traffic injury,very low,4,4,yes,none specific to you,,,"act,dur,joy,money,phys,setup",heuristic,low,judgement
go-camping,Go camping,canonical,travel,"adventure,novelty,enjoyment,travel",720,1440,2880,60,2,3,3,1,1,0,2,2,4,3,0,0,2,2,2,2,2,3,2,2,2,2,4,1,1,10±2.5,,,1,,,injury or weather exposure,low,3,3,no,"storms, remote sites",,,"dn,dur,joy,money,nov,out,phys,rec,setup",heuristic,low,judgement;singapore
go-to-a-theme-park,Go to a theme park,canonical,travel,"adventure,novelty,enjoyment,travel",300,420,600,45,4,3,2,1,1,0,2,3,4,2,0,0,2,2,2,2,2,3,2,2,1,2,3,1,1,10±2.5,,,,,10-19,,,,,,,,,"dur,joy,money,nov,open,setup,soc",heuristic,low,judgement;singapore
go-to-the-zoo,Go to the zoo,canonical,travel,"adventure,novelty,enjoyment,travel",120,180,300,40,3,3,2,1,1,0,2,3,4,2,0,0,2,2,2,2,2,3,2,2,1,2,3,1,1,10±2.5,,,,,8.5-18,,,,,,,,,"dur,joy,lrn,money,open,setup,soc",heuristic,low,judgement;singapore
pay-your-bills,Pay your bills,canonical,admin,"admin,money,security",5,15,30,0,0,3,0,2,0,1,0,0,0,0,3,3,3,1,3,4,2,1,4,2,0,0,0,1,1,10.5±2;20.5±1.5,,,,,,,,,,,,,,"decay,dur,fin,hom,reg",heuristic,low,judgement
do-your-taxes,Do your taxes,canonical,admin,"admin,money,security",30,90,180,0,0,4,0,3,0,1,0,0,0,0,2,4,3,1,3,3,2,1,4,2,0,0,0,1,1,10.5±2;20.5±1.5,,,,,,,,,,,,,,"act,cog,decay,dur,fin,reg",heuristic,low,judgement
make-a-budget,Make a budget,canonical,admin,"admin,money,security",20,45,90,0,0,3,0,3,0,1,0,0,0,0,2,4,4,1,3,3,3,4,3,2,0,0,0,1,1,10.5±2;20.5±1.5,,,,,,,,,,,,,,"cog,dur,fin,info,lt,opt",heuristic,low,judgement
check-your-bank-account,Check your bank account,canonical,admin,"admin,money,security",2,5,10,0,0,1,0,2,0,1,0,0,0,0,2,2,3,1,3,3,2,3,3,2,0,0,0,1,1,10.5±2;20.5±1.5,,,,,,,,,,,,,,"act,dur,fin,info",heuristic,low,judgement
invest,Invest,canonical,admin,"admin,money,security",15,30,60,0,0,3,0,2,0,1,0,0,0,0,2,4,4,3,2,3,2,2,3,2,3,3,0,1,1,10.5±2;20.5±1.5,,,,,,financial loss,unknown,3,2,no,"leverage, concentration",,,"dn,dur,fin,info,lt,rev,tail,unc",heuristic,low,judgement
review-your-insurance,Review your insurance,canonical,admin,"admin,money,security",30,45,90,0,0,3,0,2,0,1,0,0,0,0,2,3,3,1,3,1,2,1,2,2,0,0,0,1,1,10.5±2;20.5±1.5,,,,,,,,,,,,,,"decay,dur,fin,lt,reg",heuristic,low,judgement
write-a-will,Write a will,canonical,admin,"admin,money,security",60,120,240,0,0,4,0,2,0,1,0,2,0,0,2,3,4,1,3,1,2,1,4,2,0,0,0,1,1,10.5±2;20.5±1.5,,,,,,,,,,,,,,"act,decay,dur,fin,lt,reg,soc",heuristic,low,judgement
sort-your-paperwork,Sort your paperwork,canonical,admin,"admin,money,security",20,45,90,0,0,3,0,2,0,1,0,0,0,0,3,2,3,1,3,3,2,1,3,2,0,0,0,1,1,10.5±2;20.5±1.5,,,,,,,,,,,,,,"dur,fin,hom",heuristic,low,judgement
change-your-password,Change your password,canonical,admin,"security,admin",5,15,30,0,0,3,0,2,0,1,0,0,0,0,2,3,3,1,3,3,2,1,2,2,0,0,0,1,1,10.5±2;20.5±1.5,,,,,,,,,,,,,,"dn,dur,hom,lt,reg",heuristic,low,judgement
fill-in-a-form,Fill in a form,canonical,admin,"admin,money,security",10,20,45,0,0,3,0,2,0,1,0,0,0,0,3,3,3,1,3,3,2,1,3,2,0,0,0,1,1,10.5±2;20.5±1.5,,,,,,,,,,,,,,"act,decay,dur,hom",heuristic,low,judgement
respond-to-a-letter,Respond to a letter,canonical,admin,"admin,money,security",10,20,45,0,0,3,0,2,0,1,0,0,0,0,2,3,3,1,3,3,2,1,3,2,0,0,0,1,1,10.5±2;20.5±1.5,,,,,,,,,,,,,,"act,decay,dur,reg",heuristic,low,judgement
set-up-a-savings-plan,Set up a savings plan,canonical,admin,"admin,money,security",15,30,60,0,0,3,0,2,0,1,0,0,0,0,2,4,4,1,3,3,3,1,3,2,0,0,0,1,1,10.5±2;20.5±1.5,,,,,,,,,,,,,,"dur,fin,lt,opt",heuristic,low,judgement
check-your-credit-card-statement,Check your credit card statement,canonical,admin,"admin,money,security",5,10,20,0,0,3,0,2,0,1,0,0,0,0,2,3,3,1,3,3,2,3,3,2,0,0,0,1,1,10.5±2;20.5±1.5,,,,,,,,,,,,,,"dur,fin,info",heuristic,low,judgement
write-something,Write something,canonical,creative,"creativity,expression,skill",30,60,120,5,0,3,0,3,0,2,2,0,3,1,0,0,3,2,4,1,2,2,2,3,0,2,3,1,1,20.5±2.5,,,,,,,,,,,,,,"car,dur,joy,lrn,lt,tail",heuristic,low,judgement
draw,Draw,canonical,creative,"creativity,expression,skill",20,45,90,5,0,3,0,3,0,1,3,0,4,2,0,0,3,2,4,1,2,2,2,3,0,2,3,1,1,20.5±2.5,,,,,,,,,,,,,,"dur,joy,lrn,rec",heuristic,low,judgement
paint,Paint,canonical,creative,"creativity,expression,skill",45,90,180,15,0,3,0,3,0,1,3,0,4,2,0,0,3,2,4,1,2,2,2,3,0,2,3,1,1,20.5±2.5,,,,,,,,,,,,,,"dur,joy,lrn,rec,setup",heuristic,low,judgement
make-music,Make music,canonical,creative,"creativity,expression,skill",45,90,180,5,0,3,0,3,0,1,3,0,4,1,0,0,3,2,4,1,2,2,2,3,0,2,3,1,1,20.5±2.5,,,,,,,,,,,,,,"dur,joy,lrn,nov,tail",heuristic,low,judgement
take-photos,Take photos,canonical,creative,"creativity,expression,skill",30,60,120,10,0,3,1,3,0,1,2,0,3,1,0,0,3,2,4,1,2,2,2,3,0,2,3,1,1,20.5±2.5,,,1,1,,,,,,,,,,"day,dur,joy,lrn,nov,out,phys,setup",heuristic,low,judgement;singapore
knit-or-sew,Knit or sew,canonical,creative,"creativity,expression,skill",30,60,120,5,0,3,0,3,0,1,2,0,3,3,1,0,3,2,4,1,2,2,2,3,0,2,3,1,1,20.5±2.5,,,,,,,,,,,,,,"dur,hom,joy,lrn,rec",heuristic,low,judgement
build-something,Build something,canonical,creative,"creativity,expression,skill",45,90,180,5,0,3,1,3,0,1,3,0,4,1,1,0,3,2,4,1,2,2,2,3,0,2,3,1,1,20.5±2.5,,,,,,,,,,,,,,"dur,hom,joy,lrn,phys",heuristic,low,judgement
edit-a-video,Edit a video,canonical,creative,"creativity,expression,skill",60,120,240,5,0,3,0,3,0,2,3,0,2,1,0,0,3,2,4,1,2,2,2,3,0,2,3,1,1,20.5±2.5,,,,,,,,,,,,,,"car,dur,joy,lrn,tail",heuristic,low,judgement
write-poetry,Write poetry,canonical,creative,"creativity,expression,skill",15,30,60,5,0,3,0,3,0,1,2,0,3,2,0,0,3,2,4,1,2,2,2,3,0,2,3,1,1,20.5±2.5,,,,,,,,,,,,,,"dur,joy,lrn,rec",heuristic,low,judgement
brainstorm-ideas,Brainstorm ideas,canonical,creative,"creativity,expression,skill",10,20,45,5,0,3,0,3,0,2,3,0,3,1,0,0,3,2,4,1,4,3,2,3,0,3,3,1,1,20.5±2.5,,,,,,,,,,,,,,"car,dur,info,joy,nov,opt,tail",heuristic,low,judgement
meditate,Meditate,canonical,mind,"clarity,stress-reduction,reflection",5,15,30,0,0,1,0,1,3,0,1,0,1,4,0,0,3,1,4,1,2,2,1,1,0,1,1,1,2,7.5±1.5;22±1.5,,,,,,,,,,,,,,"dur,ev,hea,lt,rec",heuristic,low,judgement
reflect-on-your-week,Reflect on your week,canonical,mind,"clarity,stress-reduction,reflection",15,30,60,0,0,1,0,1,2,2,2,0,1,3,0,0,3,1,4,1,3,3,1,1,0,1,1,1,2,17±2,,,,,,,,,,,,,,"car,dur,info,lrn,opt,typ",heuristic,low,judgement
set-goals,Set goals,canonical,mind,"clarity,stress-reduction,reflection",20,45,90,0,0,1,0,1,2,2,1,0,1,3,0,0,4,1,4,1,4,2,1,1,0,1,1,1,2,7.5±1.5;22±1.5,,,,,,,,,,,,,,"car,dur,info,lt,opt",heuristic,low,judgement
make-a-decision,Make a decision,canonical,mind,"clarity,stress-reduction,reflection",5,20,60,0,0,3,0,3,2,0,1,0,1,3,0,0,3,3,2,3,1,2,3,1,0,1,1,1,2,7.5±1.5;22±1.5,,,,,,,,,,,,,,"act,cog,decay,dur,info,opt,reg,rev,unc",heuristic,low,judgement
pray,Pray,canonical,mind,"clarity,stress-reduction,reflection",5,15,30,0,0,1,0,1,1,0,1,1,1,3,0,0,3,1,4,1,2,2,1,1,0,1,1,1,2,7.5±1.5;22±1.5,,,,,,,,,,,,,,"dur,hea,rec,soc",heuristic,low,judgement
practise-gratitude,Practise gratitude,canonical,mind,"clarity,stress-reduction,reflection",3,5,10,0,0,1,0,1,2,0,1,0,2,2,0,0,3,1,4,1,2,2,1,1,0,1,1,1,2,7.5±1.5;22±1.5,,,,,,,,,,,,,,"dur,ev,hea,joy,rec",heuristic,low,judgement
sit-with-your-feelings,Sit with your feelings,canonical,mind,"clarity,stress-reduction,reflection",10,20,45,0,0,2,0,1,2,0,1,0,1,3,0,0,3,1,4,1,2,2,1,1,0,1,1,1,2,7.5±1.5;22±1.5,,,,,,,,,,,,,,"act,dur,hea,rec",heuristic,low,judgement
keep-busy,Keep busy,canonical,mind,"clarity,stress-reduction,reflection",30,60,120,0,0,1,0,1,2,1,1,0,1,0,1,0,0,1,4,1,2,2,1,1,0,1,1,1,2,7.5±1.5;22±1.5,,,,,,,,,,,,,,"act,car,dur,hom,joy,lt,rec",heuristic,low,judgement
daydream,Daydream,canonical,mind,"clarity,stress-reduction,reflection",5,10,30,0,0,0,0,1,2,0,1,0,2,3,0,0,3,1,4,1,2,1,1,1,0,1,2,1,2,7.5±1.5;22±1.5,,,,,,,,,,,,,,"act,dur,info,joy,nov,rec",heuristic,low,judgement
do-nothing,Do nothing,canonical,inaction,"rest,waiting",5,30,120,0,0,0,0,0,0,0,0,0,1,1,0,0,0,0,4,0,3,0,1,0,0,0,0,3,1,,,,,,,,,,,,,,,dur,heuristic,low,judgement
seek-urgent-medical-care,Seek urgent medical care,canonical,health,"health,self-care",30,120,240,20,0,3,1,1,4,0,0,0,1,2,0,0,4,1,3,4,1,1,4,1,0,0,0,2,2,8±2;21±2,,,,,,,,,,,,,,"act,decay,dur,hea,lt,reg,rev,setup",heuristic,low,judgement
read-the-contract-carefully,Read the contract carefully,canonical,admin,"admin,money,security",10,20,45,0,0,2,0,2,0,1,0,0,0,0,2,3,3,1,3,3,3,4,2,2,0,0,0,1,1,10.5±2;20.5±1.5,,,,,,,,,,,,,,"act,dur,fin,info,opt,reg",heuristic,low,judgement
sleep-on-it,Sleep on it,canonical,mind,"deliberation,clarity",1,1,1,0,0,0,0,1,2,0,1,0,1,1,0,0,3,1,4,1,4,2,1,1,0,1,1,1,2,7.5±1.5;22±1.5,,,,,,,,,,,,,,"act,dur,info,opt,rec,reg,rev",heuristic,low,judgement
buy-a-keyboard,Buy a keyboard,canonical,purchases,"shopping,purchase,possessions",15,40,120,0,3,1,0,2,0,0,0,0,2,0,1,0,1,2,2,1,1,2,1,1,1,0,2,2,1,20.5±2.5;12.5±1.5,,,,,,,,,,,,,,"dur,money,rev",heuristic,low,judgement
buy-a-monitor,Buy a monitor,canonical,purchases,"shopping,purchase,possessions",15,40,120,0,3,1,0,2,0,0,0,0,2,0,1,0,1,2,2,1,1,2,1,1,1,0,2,2,1,20.5±2.5;12.5±1.5,,,,,,,,,,,,,,"dur,money,rev",heuristic,low,judgement
buy-a-tablet,Buy a tablet,canonical,purchases,"shopping,purchase,possessions",15,40,120,0,4,1,0,2,0,0,0,0,2,0,1,0,1,2,2,1,1,2,1,1,1,0,2,2,1,20.5±2.5;12.5±1.5,,,,,,,,,,,,,,"dur,money,rev",heuristic,low,judgement
buy-a-camera,Buy a camera,canonical,purchases,"shopping,purchase,possessions",15,40,120,0,4,1,0,2,0,0,0,0,2,0,1,0,1,2,2,1,1,2,1,1,1,0,2,2,1,20.5±2.5;12.5±1.5,,,,,,,,,,,,,,"dur,money,rev",heuristic,low,judgement
buy-a-watch,Buy a watch,canonical,purchases,"shopping,purchase,possessions",15,40,120,0,3,1,0,2,0,0,0,0,2,0,1,0,1,2,2,1,1,2,1,1,1,0,2,2,1,20.5±2.5;12.5±1.5,,,,,,,,,,,,,,"dur,money,rev",heuristic,low,judgement
buy-a-backpack,Buy a backpack,canonical,purchases,"shopping,purchase,possessions",5,15,30,0,2,1,0,2,0,0,0,0,2,0,1,0,1,2,3,1,1,2,1,1,1,0,2,2,1,20.5±2.5;12.5±1.5,,,,,,,,,,,,,,"dur,money,rev",heuristic,low,judgement
buy-a-coffee-machine,Buy a coffee machine,canonical,purchases,"shopping,purchase,possessions",15,40,120,0,3,1,0,2,0,0,0,0,2,0,1,0,1,2,2,1,1,2,1,1,1,0,2,2,1,20.5±2.5;12.5±1.5,,,,,,,,,,,,,,"dur,money,rev",heuristic,low,judgement
buy-a-mattress,Buy a mattress,canonical,purchases,"shopping,purchase,possessions",15,40,120,0,4,1,0,2,0,0,0,0,2,0,1,0,1,2,2,1,1,2,1,1,1,0,2,2,1,20.5±2.5;12.5±1.5,,,,,,,,,,,,,,"dur,money,rev",heuristic,low,judgement
buy-a-vacuum-cleaner,Buy a vacuum cleaner,canonical,purchases,"shopping,purchase,possessions",15,40,120,0,3,1,0,2,0,0,0,0,2,0,1,0,1,2,2,1,1,2,1,1,1,0,2,2,1,20.5±2.5;12.5±1.5,,,,,,,,,,,,,,"dur,money,rev",heuristic,low,judgement
buy-an-air-purifier,Buy an air purifier,canonical,purchases,"shopping,purchase,possessions",15,40,120,0,3,1,0,2,0,0,0,0,2,0,1,0,1,2,2,1,1,2,1,1,1,0,2,2,1,20.5±2.5;12.5±1.5,,,,,,,,,,,,,,"dur,money,rev",heuristic,low,judgement
buy-a-desk-lamp,Buy a desk lamp,canonical,purchases,"shopping,purchase,possessions",5,15,30,0,2,1,0,2,0,0,0,0,2,0,1,0,1,2,3,1,1,2,1,1,1,0,2,2,1,20.5±2.5;12.5±1.5,,,,,,,,,,,,,,"dur,money,rev",heuristic,low,judgement
buy-sunglasses,Buy sunglasses,canonical,purchases,"shopping,purchase,possessions",5,15,30,0,2,1,0,2,0,0,0,0,2,0,1,0,1,2,3,1,1,2,1,1,1,0,2,2,1,20.5±2.5;12.5±1.5,,,,,,,,,,,,,,"dur,money,rev",heuristic,low,judgement
buy-a-water-bottle,Buy a water bottle,canonical,purchases,"shopping,purchase,possessions",5,15,30,0,1,1,0,2,0,0,0,0,2,0,1,0,1,2,3,1,1,2,1,1,1,0,2,2,1,20.5±2.5;12.5±1.5,,,,,,,,,,,,,,"dur,money,rev",heuristic,low,judgement
buy-a-speaker,Buy a speaker,canonical,purchases,"shopping,purchase,possessions",15,40,120,0,3,1,0,2,0,0,0,0,2,0,1,0,1,2,2,1,1,2,1,1,1,0,2,2,1,20.5±2.5;12.5±1.5,,,,,,,,,,,,,,"dur,money,rev",heuristic,low,judgement
buy-a-game,Buy a game,canonical,purchases,"shopping,purchase,possessions",5,15,30,0,2,1,0,2,0,0,0,0,2,0,1,0,1,2,3,1,1,2,1,1,1,0,2,2,1,20.5±2.5;12.5±1.5,,,,,,,,,,,,,,"dur,money,rev",heuristic,low,judgement
buy-concert-tickets,Buy concert tickets,canonical,purchases,"shopping,purchase,possessions",15,40,120,0,3,1,0,2,0,0,0,0,2,0,1,0,1,2,2,1,1,2,1,1,1,0,2,2,1,20.5±2.5;12.5±1.5,,,,,,,,,,,,,,"dur,money,rev",heuristic,low,judgement
buy-a-gym-membership,Buy a gym membership,canonical,purchases,"shopping,purchase,possessions",15,40,120,0,3,1,0,2,0,0,0,0,2,0,1,0,1,2,2,1,1,2,1,1,1,0,2,2,1,20.5±2.5;12.5±1.5,,,,,,,,,,,,,,"dur,money,rev",heuristic,low,judgement
buy-a-course,Buy a course,canonical,purchases,"shopping,purchase,possessions",15,40,120,0,3,1,0,2,0,0,0,0,2,0,1,0,1,2,2,1,1,2,1,1,1,0,2,2,1,20.5±2.5;12.5±1.5,,,,,,,,,,,,,,"dur,money,rev",heuristic,low,judgement
buy-skincare-products,Buy skincare products,canonical,purchases,"shopping,purchase,possessions",5,15,30,0,2,1,0,2,0,0,0,0,2,0,1,0,1,2,3,1,1,2,1,1,1,0,2,2,1,20.5±2.5;12.5±1.5,,,,,,,,,,,,,,"dur,money,rev",heuristic,low,judgement
buy-a-gift-card,Buy a gift card,canonical,purchases,"shopping,purchase,possessions",5,15,30,0,2,1,0,2,0,0,0,0,2,0,1,0,1,2,3,1,1,2,1,1,1,0,2,2,1,20.5±2.5;12.5±1.5,,,,,,,,,,,,,,"dur,money,rev",heuristic,low,judgement
buy-kitchen-knives,Buy kitchen knives,canonical,purchases,"shopping,purchase,possessions",5,15,30,0,2,1,0,2,0,0,0,0,2,0,1,0,1,2,3,1,1,2,1,1,1,0,2,2,1,20.5±2.5;12.5±1.5,,,,,,,,,,,,,,"dur,money,rev",heuristic,low,judgement
buy-a-blender,Buy a blender,canonical,purchases,"shopping,purchase,possessions",5,15,30,0,2,1,0,2,0,0,0,0,2,0,1,0,1,2,3,1,1,2,1,1,1,0,2,2,1,20.5±2.5;12.5±1.5,,,,,,,,,,,,,,"dur,money,rev",heuristic,low,judgement
buy-an-umbrella,Buy an umbrella,canonical,purchases,"shopping,purchase,possessions",5,15,30,0,1,1,0,2,0,0,0,0,2,0,1,0,1,2,3,1,1,2,1,1,1,0,2,2,1,20.5±2.5;12.5±1.5,,,,,,,,,,,,,,"dur,money,rev",heuristic,low,judgement
buy-a-suitcase,Buy a suitcase,canonical,purchases,"shopping,purchase,possessions",15,40,120,0,3,1,0,2,0,0,0,0,2,0,1,0,1,2,2,1,1,2,1,1,1,0,2,2,1,20.5±2.5;12.5±1.5,,,,,,,,,,,,,,"dur,money,rev",heuristic,low,judgement
buy-a-phone-case,Buy a phone case,canonical,purchases,"shopping,purchase,possessions",5,15,30,0,1,1,0,2,0,0,0,0,2,0,1,0,1,2,3,1,1,2,1,1,1,0,2,2,1,20.5±2.5;12.5±1.5,,,,,,,,,,,,,,"dur,money,rev",heuristic,low,judgement
buy-a-chair,Buy a chair,canonical,purchases,"shopping,purchase,possessions",15,40,120,0,3,1,0,2,0,0,0,0,2,0,1,0,1,2,2,1,1,2,1,1,1,0,2,2,1,20.5±2.5;12.5±1.5,,,,,,,,,,,,,,"dur,money,rev",heuristic,low,judgement
buy-a-car,Buy a car,canonical,purchases,"shopping,purchase,possessions",15,40,120,0,4,1,0,2,0,0,0,0,2,0,1,0,1,2,2,1,1,2,1,1,2,0,2,2,1,20.5±2.5;12.5±1.5,,,,,,,,,,,,,,"dn,dur,money,rev",heuristic,low,judgement
buy-a-tv,Buy a TV,canonical,purchases,"shopping,purchase,possessions",15,40,120,0,4,1,0,2,0,0,0,0,2,0,1,0,1,2,2,1,1,2,1,1,1,0,2,2,1,20.5±2.5;12.5±1.5,,,,,,,,,,,,,,"dur,money,rev",heuristic,low,judgement
buy-a-console,Buy a console,canonical,purchases,"shopping,purchase,possessions",15,40,120,0,4,1,0,2,0,0,0,0,2,0,1,0,1,2,2,1,1,2,1,1,1,0,2,2,1,20.5±2.5;12.5±1.5,,,,,,,,,,,,,,"dur,money,rev",heuristic,low,judgement
buy-a-printer,Buy a printer,canonical,purchases,"shopping,purchase,possessions",15,40,120,0,3,1,0,2,0,0,0,0,2,0,1,0,1,2,2,1,1,2,1,1,1,0,2,2,1,20.5±2.5;12.5±1.5,,,,,,,,,,,,,,"dur,money,rev",heuristic,low,judgement
buy-board-games,Buy board games,canonical,purchases,"shopping,purchase,possessions",5,15,30,0,2,1,0,2,0,0,0,0,2,0,1,0,1,2,3,1,1,2,1,1,1,0,2,2,1,20.5±2.5;12.5±1.5,,,,,,,,,,,,,,"dur,money,rev",heuristic,low,judgement
buy-plants-for-the-balcony,Buy plants for the balcony,canonical,purchases,"shopping,purchase,possessions",5,15,30,0,1,1,0,2,0,0,0,0,2,0,1,0,1,2,3,1,1,2,1,1,1,0,2,2,1,20.5±2.5;12.5±1.5,,,,,,,,,,,,,,"dur,money,rev",heuristic,low,judgement
buy-new-bedding,Buy new bedding,canonical,purchases,"shopping,purchase,possessions",5,15,30,0,2,1,0,2,0,0,0,0,2,0,1,0,1,2,3,1,1,2,1,1,1,0,2,2,1,20.5±2.5;12.5±1.5,,,,,,,,,,,,,,"dur,money,rev",heuristic,low,judgement
buy-a-fan,Buy a fan,canonical,purchases,"shopping,purchase,possessions",5,15,30,0,2,1,0,2,0,0,0,0,2,0,1,0,1,2,3,1,1,2,1,1,1,0,2,2,1,20.5±2.5;12.5±1.5,,,,,,,,,,,,,,"dur,money,rev",heuristic,low,judgement
buy-a-rice-cooker,Buy a rice cooker,canonical,purchases,"shopping,purchase,possessions",5,15,30,0,2,1,0,2,0,0,0,0,2,0,1,0,1,2,3,1,1,2,1,1,1,0,2,2,1,20.5±2.5;12.5±1.5,,,,,,,,,,,,,,"dur,money,rev",heuristic,low,judgement
play-badminton,Play badminton,canonical,exercise,"fitness,exercise,connection",45,75,120,20,0,3,3,1,4,0,0,3,4,2,0,0,4,1,4,1,2,1,2,1,2,0,1,1,3,7±1.5;18±2,17.5±2.5,1,,,7-23,,,,,,,,,"dn,dur,joy,nov,open,phys,setup,soc",heuristic,low,judgement;singapore
play-tennis,Play tennis,canonical,exercise,"fitness,exercise,connection",45,75,120,20,0,3,3,1,4,0,0,3,4,2,0,0,4,1,4,1,2,1,2,1,2,0,1,1,3,7±1.5;18±2,17.5±2.5,1,1,,7-22,,,,,,,,,"dn,dur,joy,nov,open,out,phys,setup,soc",heuristic,low,judgement;singapore
play-squash,Play squash,canonical,exercise,"fitness,exercise,connection",45,75,120,20,0,3,3,1,4,0,0,3,4,2,0,0,4,1,4,1,2,1,2,1,2,0,1,1,3,7±1.5;18±2,17.5±2.5,1,,,,,,,,,,,,"dn,dur,joy,nov,phys,setup,soc",heuristic,low,judgement
play-table-tennis,Play table tennis,canonical,exercise,"fitness,exercise,connection",45,75,120,20,0,3,3,1,4,0,0,3,4,2,0,0,4,1,4,1,2,1,2,1,2,0,1,1,3,7±1.5;18±2,17.5±2.5,1,,,,,,,,,,,,"dn,dur,joy,nov,phys,setup,soc",heuristic,low,judgement
play-football,Play football,canonical,exercise,"fitness,exercise,connection",45,75,120,20,0,3,3,1,4,0,0,3,4,2,0,0,4,1,4,1,2,1,2,1,2,0,1,1,3,7±1.5;18±2,17.5±2.5,1,1,,7-23,,,,,,,,,"dn,dur,joy,nov,open,out,phys,setup,soc",heuristic,low,judgement;singapore
play-basketball,Play basketball,canonical,exercise,"fitness,exercise,connection",45,75,120,20,0,3,3,1,4,0,0,3,4,2,0,0,4,1,4,1,2,1,2,1,2,0,1,1,3,7±1.5;18±2,17.5±2.5,1,,,,,,,,,,,,"dn,dur,joy,nov,phys,setup,soc",heuristic,low,judgement
play-volleyball,Play volleyball,canonical,exercise,"fitness,exercise,connection",45,75,120,20,0,3,3,1,4,0,0,3,4,2,0,0,4,1,4,1,2,1,2,1,2,0,1,1,3,7±1.5;18±2,17.5±2.5,1,,,,,,,,,,,,"dn,dur,joy,nov,phys,setup,soc",heuristic,low,judgement
play-golf,Play golf,canonical,exercise,"fitness,exercise,connection",45,75,120,20,0,3,3,1,4,0,0,3,4,2,0,0,4,1,4,1,2,1,2,1,2,0,1,1,3,7±1.5;18±2,17.5±2.5,1,1,1,7-19,,,,,,,,,"day,dn,dur,joy,nov,open,out,phys,setup,soc",heuristic,low,judgement;singapore
play-frisbee,Play frisbee,canonical,exercise,"fitness,exercise,connection",45,75,120,20,0,3,3,1,4,0,0,3,4,2,0,0,4,1,4,1,2,1,2,1,2,0,1,1,3,7±1.5;18±2,17.5±2.5,1,1,,,,,,,,,,,"dn,dur,joy,nov,out,phys,setup,soc",heuristic,low,judgement;singapore
play-pickleball,Play pickleball,canonical,exercise,"fitness,exercise,connection",45,75,120,20,0,3,3,1,4,0,0,3,4,2,0,0,4,1,4,1,2,1,2,1,2,0,1,1,3,7±1.5;18±2,17.5±2.5,1,,,7-23,,,,,,,,,"dn,dur,joy,nov,open,phys,setup,soc",heuristic,low,judgement;singapore
play-netball,Play netball,canonical,exercise,"fitness,exercise,connection",45,75,120,20,0,3,3,1,4,0,0,3,4,2,0,0,4,1,4,1,2,1,2,1,2,0,1,1,3,7±1.5;18±2,17.5±2.5,1,,,,,,,,,,,,"dn,dur,joy,nov,phys,setup,soc",heuristic,low,judgement
play-hockey,Play hockey,canonical,exercise,"fitness,exercise,connection",45,75,120,20,0,3,3,1,4,0,0,3,4,2,0,0,4,1,4,1,2,1,2,1,2,0,1,1,3,7±1.5;18±2,17.5±2.5,1,,,,,,,,,,,,"dn,dur,joy,nov,phys,setup,soc",heuristic,low,judgement
play-cricket,Play cricket,canonical,exercise,"fitness,exercise,connection",45,75,120,20,0,3,3,1,4,0,0,3,4,2,0,0,4,1,4,1,2,1,2,1,2,0,1,1,3,7±1.5;18±2,17.5±2.5,1,,,,,,,,,,,,"dn,dur,joy,nov,phys,setup,soc",heuristic,low,judgement
play-rugby,Play rugby,canonical,exercise,"fitness,exercise,connection",45,75,120,20,0,3,3,1,4,0,0,3,4,2,0,0,4,1,4,1,2,1,2,1,2,0,1,1,3,7±1.5;18±2,17.5±2.5,1,,,,injury,low,3,3,yes,tackles,,,"dn,dur,joy,nov,phys,setup,soc",heuristic,low,judgement
play-futsal,Play futsal,canonical,exercise,"fitness,exercise,connection",45,75,120,20,0,3,3,1,4,0,0,3,4,2,0,0,4,1,4,1,2,1,2,1,2,0,1,1,3,7±1.5;18±2,17.5±2.5,1,,,,,,,,,,,,"dn,dur,joy,nov,phys,setup,soc",heuristic,low,judgement
study-statistics,Study statistics,canonical,learning,"learning,skill,understanding",20,60,120,5,0,3,0,4,0,2,4,0,2,0,0,0,4,2,4,1,3,4,1,2,0,2,2,1,2,20±3,,,,,,,,,,,,,,,heuristic,low,judgement
study-programming,Study programming,canonical,learning,"learning,skill,understanding",20,60,120,5,0,3,0,4,0,2,4,0,2,0,0,0,4,2,4,1,3,4,1,2,0,2,2,1,2,20±3,,,,,,,,,,,,,,,heuristic,low,judgement
study-history,Study history,canonical,learning,"learning,skill,understanding",20,60,120,5,0,3,0,4,0,2,4,0,2,0,0,0,4,2,4,1,3,4,1,2,0,2,2,1,2,20±3,,,,,,,,,,,,,,,heuristic,low,judgement
study-economics,Study economics,canonical,learning,"learning,skill,understanding",20,60,120,5,0,3,0,4,0,2,4,0,2,0,0,0,4,2,4,1,3,4,1,2,0,2,2,1,2,20±3,,,,,,,,,,,,,,,heuristic,low,judgement
study-physics,Study physics,canonical,learning,"learning,skill,understanding",20,60,120,5,0,3,0,4,0,2,4,0,2,0,0,0,4,2,4,1,3,4,1,2,0,2,2,1,2,20±3,,,,,,,,,,,,,,,heuristic,low,judgement
study-chemistry,Study chemistry,canonical,learning,"learning,skill,understanding",20,60,120,5,0,3,0,4,0,2,4,0,2,0,0,0,4,2,4,1,3,4,1,2,0,2,2,1,2,20±3,,,,,,,,,,,,,,,heuristic,low,judgement
study-biology,Study biology,canonical,learning,"learning,skill,understanding",20,60,120,5,0,3,0,4,0,2,4,0,2,0,0,0,4,2,4,1,3,4,1,2,0,2,2,1,2,20±3,,,,,,,,,,,,,,,heuristic,low,judgement
study-philosophy,Study philosophy,canonical,learning,"learning,skill,understanding",20,60,120,5,0,3,0,4,0,2,4,0,2,0,0,0,4,2,4,1,3,4,1,2,0,2,2,1,2,20±3,,,,,,,,,,,,,,,heuristic,low,judgement
study-psychology,Study psychology,canonical,learning,"learning,skill,understanding",20,60,120,5,0,3,0,4,0,2,4,0,2,0,0,0,4,2,4,1,3,4,1,2,0,2,2,1,2,20±3,,,,,,,,,,,,,,,heuristic,low,judgement
study-design,Study design,canonical,learning,"learning,skill,understanding",20,60,120,5,0,3,0,4,0,2,4,0,2,0,0,0,4,2,4,1,3,4,1,2,0,2,2,1,2,20±3,,,,,,,,,,,,,,,heuristic,low,judgement
study-writing,Study writing,canonical,learning,"learning,skill,understanding",20,60,120,5,0,3,0,4,0,2,4,0,2,0,0,0,4,2,4,1,3,4,1,2,0,2,2,1,2,20±3,,,,,,,,,,,,,,,heuristic,low,judgement
study-machine-learning,Study machine learning,canonical,learning,"learning,skill,understanding",20,60,120,5,0,3,0,4,0,2,4,0,2,0,0,0,4,2,4,1,3,4,1,2,0,2,2,1,2,20±3,,,,,,,,,,,,,,,heuristic,low,judgement
study-finance,Study finance,canonical,learning,"learning,skill,understanding",20,60,120,5,0,3,0,4,0,2,4,0,2,0,0,0,4,2,4,1,3,4,1,2,0,2,2,1,2,20±3,,,,,,,,,,,,,,,heuristic,low,judgement
study-law,Study law,canonical,learning,"learning,skill,understanding",20,60,120,5,0,3,0,4,0,2,4,0,2,0,0,0,4,2,4,1,3,4,1,2,0,2,2,1,2,20±3,,,,,,,,,,,,,,,heuristic,low,judgement
study-music-theory,Study music theory,canonical,learning,"learning,skill,understanding",20,60,120,5,0,3,0,4,0,2,4,0,2,0,0,0,4,2,4,1,3,4,1,2,0,2,2,1,2,20±3,,,,,,,,,,,,,,,heuristic,low,judgement
study-art-history,Study art history,canonical,learning,"learning,skill,understanding",20,60,120,5,0,3,0,4,0,2,4,0,2,0,0,0,4,2,4,1,3,4,1,2,0,2,2,1,2,20±3,,,,,,,,,,,,,,,heuristic,low,judgement
study-a-new-language,Study a new language,canonical,learning,"learning,skill,understanding",20,60,120,5,0,3,0,4,0,2,4,0,2,0,0,0,4,2,4,1,3,4,1,2,0,2,2,1,2,20±3,,,,,,,,,,,,,,,heuristic,low,judgement
study-linear-algebra,Study linear algebra,canonical,learning,"learning,skill,understanding",20,60,120,5,0,3,0,4,0,2,4,0,2,0,0,0,4,2,4,1,3,4,1,2,0,2,2,1,2,20±3,,,,,,,,,,,,,,,heuristic,low,judgement
study-calculus,Study calculus,canonical,learning,"learning,skill,understanding",20,60,120,5,0,3,0,4,0,2,4,0,2,0,0,0,4,2,4,1,3,4,1,2,0,2,2,1,2,20±3,,,,,,,,,,,,,,,heuristic,low,judgement
study-probability,Study probability,canonical,learning,"learning,skill,understanding",20,60,120,5,0,3,0,4,0,2,4,0,2,0,0,0,4,2,4,1,3,4,1,2,0,2,2,1,2,20±3,,,,,,,,,,,,,,,heuristic,low,judgement
study-accounting,Study accounting,canonical,learning,"learning,skill,understanding",20,60,120,5,0,3,0,4,0,2,4,0,2,0,0,0,4,2,4,1,3,4,1,2,0,2,2,1,2,20±3,,,,,,,,,,,,,,,heuristic,low,judgement
study-marketing,Study marketing,canonical,learning,"learning,skill,understanding",20,60,120,5,0,3,0,4,0,2,4,0,2,0,0,0,4,2,4,1,3,4,1,2,0,2,2,1,2,20±3,,,,,,,,,,,,,,,heuristic,low,judgement
study-cooking-theory,Study cooking theory,canonical,learning,"learning,skill,understanding",20,60,120,5,0,3,0,4,0,2,4,0,2,0,0,0,4,2,4,1,3,4,1,2,0,2,2,1,2,20±3,,,,,,,,,,,,,,,heuristic,low,judgement
study-public-speaking,Study public speaking,canonical,learning,"learning,skill,understanding",20,60,120,5,0,3,0,4,0,2,4,0,2,0,0,0,4,2,4,1,3,4,1,2,0,2,2,1,2,20±3,,,,,,,,,,,,,,,heuristic,low,judgement
study-negotiation,Study negotiation,canonical,learning,"learning,skill,understanding",20,60,120,5,0,3,0,4,0,2,4,0,2,0,0,0,4,2,4,1,3,4,1,2,0,2,2,1,2,20±3,,,,,,,,,,,,,,,heuristic,low,judgement
study-nutrition,Study nutrition,canonical,learning,"learning,skill,understanding",20,60,120,5,0,3,0,4,0,2,4,0,2,0,0,0,4,2,4,1,3,4,1,2,0,2,2,1,2,20±3,,,,,,,,,,,,,,,heuristic,low,judgement
study-first-aid,Study first aid,canonical,learning,"learning,skill,understanding",20,60,120,5,0,3,0,4,0,2,4,0,2,0,0,0,4,2,4,1,3,4,1,2,0,2,2,1,2,20±3,,,,,,,,,,,,,,,heuristic,low,judgement
study-photography,Study photography,canonical,learning,"learning,skill,understanding",20,60,120,5,0,3,0,4,0,2,4,0,2,0,0,0,4,2,4,1,3,4,1,2,0,2,2,1,2,20±3,,,,,,,,,,,,,,,heuristic,low,judgement
study-geography,Study geography,canonical,learning,"learning,skill,understanding",20,60,120,5,0,3,0,4,0,2,4,0,2,0,0,0,4,2,4,1,3,4,1,2,0,2,2,1,2,20±3,,,,,,,,,,,,,,,heuristic,low,judgement
study-astronomy,Study astronomy,canonical,learning,"learning,skill,understanding",20,60,120,5,0,3,0,4,0,2,4,0,2,0,0,0,4,2,4,1,3,4,1,2,0,2,2,1,2,20±3,,,,,,,,,,,,,,,heuristic,low,judgement
go-birdwatching,Go birdwatching,canonical,leisure,"enjoyment,relaxation,leisure",20,60,180,20,0,1,1,1,0,0,2,0,3,3,0,0,1,1,4,0,1,1,0,1,0,0,3,3,1,21±2,,,1,1,,,,,,,,,,"day,lrn,nov,out,phys,setup",heuristic,low,judgement;singapore
go-fishing,Go fishing,canonical,leisure,"enjoyment,relaxation,leisure",20,60,180,30,0,1,0,1,0,0,1,0,3,4,0,0,1,1,4,0,1,1,0,1,0,0,2,3,1,21±2,,,1,1,,,,,,,,,,"day,joy,nov,out,rec,setup",heuristic,low,judgement;singapore
play-chess-online,Play chess online,canonical,leisure,"enjoyment,relaxation,leisure",20,60,180,0,0,1,0,3,0,0,2,0,3,3,0,0,1,1,4,0,1,1,0,1,0,0,1,3,1,21±2,,,,,,,,,,,,,,"cog,joy,lrn",heuristic,low,judgement
visit-a-library,Visit a library,canonical,learning,"learning,skill,understanding",20,60,120,20,0,3,0,4,0,2,3,0,2,0,0,0,4,2,4,1,3,4,1,2,0,2,1,1,2,20±3,,,,,10-21,,,,,,,,,"joy,lrn,nov,open,setup",heuristic,low,judgement;singapore
go-to-a-farmers-market,Go to a farmers' market,canonical,errands,"errands,chores,admin",15,40,90,15,1,2,1,1,2,0,0,1,3,0,3,1,2,1,3,2,1,0,2,1,0,0,2,2,1,11±2.5;17.5±1.5,,,,,6-12,,,,,,,,,"hea,joy,nov,open,soc",heuristic,low,judgement;singapore
go-ice-skating,Go ice skating,canonical,exercise,"fitness,health,stress-reduction,exercise",20,45,90,10,2,3,3,1,4,0,0,0,4,2,0,0,4,1,4,1,2,1,2,1,3,0,3,1,3,7±1.5;18±2,17.5±2.5,1,,,10-22,fall injury,low,3,2,yes,falls,,,"dn,joy,money,nov,open",heuristic,low,judgement;singapore
go-kayaking,Go kayaking,canonical,exercise,"fitness,health,stress-reduction,exercise",20,45,90,40,2,3,3,1,4,0,0,0,4,2,0,0,4,1,4,1,2,1,2,1,2,0,3,1,3,7±1.5;18±2,17.5±2.5,1,1,1,8-18.5,drowning or capsizing,low,4,4,yes,"no buoyancy aid, squalls",,,"day,dn,joy,money,nov,open,out,setup",heuristic,low,judgement;singapore
go-to-a-sauna,Go to a sauna,canonical,health,"health,self-care",20,40,60,20,2,1,1,1,3,0,0,0,3,4,0,0,3,1,4,2,1,1,2,1,0,0,0,2,2,8±2;21±2,,,,,10-22,,,,,,,,,"dur,joy,money,open,rec,setup",heuristic,low,judgement;singapore
go-to-a-cafe-alone,Go to a café alone,canonical,leisure,"enjoyment,relaxation,leisure",20,60,180,15,1,1,0,1,0,0,1,0,3,3,0,0,1,1,4,0,1,1,0,1,0,0,1,3,1,21±2,,,,,8-22,,,,,,,,,"joy,money,open,rec,setup",heuristic,low,judgement;singapore
visit-a-friend-in-hospital,Visit a friend in hospital,canonical,relationships,"connection,relationships,belonging",20,60,180,10,1,3,0,1,1,0,0,4,1,2,0,0,3,2,3,2,2,1,4,2,0,2,1,2,3,19.5±2,,,,,,,,,,,,,,"act,joy,reg,soc",heuristic,low,judgement
attend-a-religious-service,Attend a religious service,canonical,mind,"clarity,stress-reduction,reflection",45,60,120,20,0,1,0,1,2,0,1,3,1,3,0,0,3,1,4,1,2,2,1,1,0,1,1,1,2,7.5±1.5;22±1.5,,,,,,,,,,,,,,"dur,rec,setup,soc",heuristic,low,judgement
go-to-a-comedy-show,Go to a comedy show,canonical,leisure,"enjoyment,relaxation,leisure",20,60,180,30,2,1,0,1,0,0,1,2,4,3,0,0,1,1,4,3,1,1,0,1,0,0,3,3,1,21±2,,,,,19.5-23.5,,,,,,,,,"decay,joy,money,nov,open,setup,soc",heuristic,low,judgement;singapore
go-to-the-theatre,Go to the theatre,canonical,leisure,"enjoyment,relaxation,leisure",120,150,180,30,3,1,0,1,0,0,1,0,4,3,0,0,1,1,4,4,1,1,0,1,0,0,3,3,1,21±2,,,,,19-23,,,,,,,,,"decay,dur,joy,money,nov,open,setup",heuristic,low,judgement;singapore
have-a-bath,Have a bath,canonical,health,"health,self-care",20,30,45,0,0,1,1,1,3,0,0,0,3,4,0,0,3,1,4,2,1,1,2,1,0,0,0,2,2,8±2;21±2,,,,,,,,,,,,,,"dur,joy,rec",heuristic,low,judgement
sit-in-the-sun,Sit in the sun,canonical,leisure,"enjoyment,relaxation,leisure",20,60,180,0,0,1,0,1,1,0,1,0,3,3,0,0,1,1,4,0,1,1,0,1,0,0,1,3,1,21±2,,,,,,,,,,,,,,"hea,joy,rec",heuristic,low,judgement
go-to-a-hackathon,Go to a hackathon,canonical,work,"work,progress,focus",240,480,720,30,0,3,0,4,0,4,4,3,1,0,0,2,3,2,4,2,3,2,2,3,0,4,4,3,1,10±2;14.5±2,,,,,,,,,,,,,,"dur,lrn,nov,setup,soc,tail",heuristic,low,judgement
tidy-your-desk,Tidy your desk,canonical,household,"home,order,chores",5,10,15,0,0,2,2,0,1,1,0,0,0,0,3,0,2,0,4,1,1,0,1,1,0,0,0,3,1,10.5±2.5;19.5±1.5,,,,,,,,,,,,,,"car,dur,hom",heuristic,low,judgement
go-for-a-swim-in-the-sea,Go for a swim in the sea,canonical,exercise,"fitness,health,stress-reduction,exercise",20,45,90,40,0,3,3,1,4,0,0,0,4,2,0,0,4,1,4,1,2,1,2,1,3,0,3,1,3,7±1.5;18±2,17.5±2.5,1,1,1,,drowning,low; unknown for a given spot,4,4,yes,"currents, swimming alone, storms",,,"day,dn,joy,nov,out,setup",heuristic,low,judgement;singapore
walk-in-nature,Walk in nature,canonical,exercise,"fitness,health,stress-reduction,exercise",20,45,90,20,0,1,1,1,3,0,0,0,2,4,0,0,4,1,4,1,2,1,2,1,1,0,1,1,2,7±1.5;18±2,17.5±2.5,1,1,1,,,,,,,,,,"act,day,ev,hea,out,phys,rec,setup",heuristic,low,judgement;singapore
go-for-a-drive,Go for a drive,canonical,travel,"adventure,novelty,enjoyment,travel",45,90,180,5,2,3,0,1,1,0,2,2,3,2,0,0,2,2,2,2,2,3,2,2,2,2,3,1,1,10±2.5,,,,,,road traffic injury,low,4,4,yes,"fatigue, alcohol, phone use",,,"dn,dur,joy,money,phys,rec,setup",heuristic,low,judgement
swim-alone-in-open-water,Swim alone in open water,avoid,avoid,avoid,5,30,90,0,0,1,0,0,3,0,0,0,3,0,0,0,0,3,1,0,0,0,0,0,1,0,1,1,1,,,,,,,drowning,unknown; materially higher than a supervised pool,4,4,yes,"no one to raise the alarm, currents","swim,go-for-a-swim-in-the-sea",swim,"act,decay,dn,dur,ev,freq,hea,info,joy,lt,nov,opt,rec,reg,rev,tail,unc",heuristic,low,judgement
swim-after-drinking,Swim after drinking,avoid,avoid,avoid,5,30,90,0,0,1,0,0,0,0,0,0,3,0,0,0,0,3,1,0,0,0,0,0,2,0,1,1,1,,,,,,,drowning,unknown; alcohol raises it,4,4,yes,alcohol impairs judgement and coordination,"swim,have-a-drink",rest,"act,decay,dn,dur,ev,freq,hea,info,joy,lt,nov,opt,rec,reg,rev,tail,unc",heuristic,low,judgement
drive-after-drinking,Drive after drinking,avoid,avoid,avoid,5,30,90,0,0,1,0,0,0,0,0,0,1,0,0,0,0,3,1,0,0,0,0,0,3,0,1,1,1,,,,,,,"road death, legal",low per trip; repeated exposure,4,4,yes,any alcohol before driving,"have-a-drink,go-for-a-drive",take-a-taxi,"act,decay,dn,dur,ev,freq,info,joy,lt,nov,opt,rec,reg,rev,tail,unc",heuristic,low,judgement
text-while-driving,Text while driving,avoid,avoid,avoid,5,30,90,0,0,1,0,0,0,0,0,1,1,0,0,0,0,3,1,0,0,0,0,0,2,0,1,1,1,,,,,,,road death,low per trip; repeated exposure,4,4,yes,eyes off the road,"go-for-a-drive,send-a-text-message",take-public-transport,"act,decay,dn,dur,ev,freq,info,joy,lt,nov,opt,rec,reg,rev,soc,tail,unc",heuristic,low,judgement
drive-while-exhausted,Drive while exhausted,avoid,avoid,avoid,5,30,90,0,0,1,0,0,0,0,0,0,1,0,0,0,0,3,1,0,0,0,0,0,2,0,1,1,1,,,,,,,road death,low per trip; higher when sleep-deprived,4,4,yes,micro-sleeps,"go-for-a-drive,stay-up-late",take-a-taxi,"act,decay,dn,dur,ev,freq,info,lt,nov,opt,rec,reg,rev,tail,unc",heuristic,low,judgement
cycle-on-roads-at-night-without-lights,Cycle on roads at night without lights,avoid,avoid,avoid,5,30,90,0,0,1,0,0,3,0,0,0,2,0,0,0,0,3,1,0,0,0,0,0,2,0,1,1,1,,,,,,,road traffic injury,unknown; higher than daytime with lights,4,4,yes,drivers cannot see you,cycle,cycle,"act,decay,dn,dur,ev,freq,hea,info,joy,lt,nov,opt,rec,reg,rev,tail,unc",heuristic,low,judgement
run-hard-in-the-midday-heat,Run hard in the midday heat,avoid,avoid,avoid,5,30,90,0,0,1,0,0,3,0,0,0,1,0,0,0,0,3,1,0,0,0,0,0,2,0,1,1,1,,,,,,,heat stroke,low; higher in tropical midday heat,4,3,yes,"high heat and humidity, dehydration","go-for-a-run,go-hiking",go-for-a-run,"act,decay,dn,dur,ev,freq,hea,info,lt,nov,opt,rec,reg,rev,tail,unc",heuristic,low,judgement
hike-alone-without-telling-anyone,Hike alone without telling anyone,avoid,avoid,avoid,5,30,90,0,0,1,0,0,3,0,0,0,3,0,0,0,0,3,1,0,0,0,0,0,1,0,1,1,1,,,,,,,injury with no rescue,low; unknown,4,3,yes,a fall with no one knowing where you are,"go-hiking,walk-in-nature",walk-in-nature,"act,decay,dn,dur,ev,freq,hea,info,joy,lt,nov,opt,rec,reg,rev,tail,unc",heuristic,low,judgement
swim-in-the-sea-during-a-thunderstorm,Swim in the sea during a thunderstorm,avoid,avoid,avoid,5,30,90,0,0,1,0,0,0,0,0,0,2,0,0,0,0,3,1,0,0,0,0,0,2,0,1,1,1,,,,,,,"lightning strike, drowning",low; Singapore has frequent lightning,4,4,yes,"storms, which in Singapore are often afternoon","go-for-a-swim-in-the-sea,go-to-the-beach,swim",stay-home,"act,decay,dn,dur,ev,freq,info,joy,lt,nov,opt,rec,reg,rev,tail,unc",heuristic,low,judgement
lift-heavy-without-warming-up,Lift heavy without warming up,avoid,avoid,avoid,5,30,90,0,0,1,0,0,3,0,0,0,1,0,0,0,0,3,1,0,0,0,0,0,2,0,1,1,1,,,,,,,musculoskeletal injury,unknown,3,2,yes,"cold tissue, poor form, fatigue","strength-training,go-to-the-gym",do-mobility-work,"act,decay,dn,dur,ev,freq,hea,info,lt,nov,opt,rec,reg,rev,tail,unc",heuristic,low,judgement
exercise-through-sharp-pain,Exercise through sharp pain,avoid,avoid,avoid,5,30,90,0,0,1,0,0,1,0,0,0,1,0,0,0,0,3,1,0,0,0,0,0,3,0,1,1,1,,,,,,,injury,unknown,3,3,yes,sharp or unusual pain,"go-to-the-gym,go-for-a-run,strength-training",rest,"act,decay,dn,dur,ev,freq,hea,info,lt,nov,opt,rec,reg,rev,tail,unc",heuristic,low,judgement
ignore-chest-pain,Ignore chest pain,avoid,avoid,avoid,5,30,90,0,0,1,0,0,0,0,0,0,1,0,0,0,0,3,1,0,0,0,0,0,3,0,1,1,1,,,,,,,severe health event,unknown,4,4,no,"chest pain, breathlessness, sudden weakness","rest,book-a-doctors-appointment",seek-urgent-medical-care,"act,decay,dn,dur,ev,freq,info,lt,nov,opt,rec,reg,rev,tail,unc",heuristic,low,judgement
skip-your-medication,Skip your medication,avoid,avoid,avoid,5,30,90,0,0,1,0,0,0,0,0,0,1,0,0,0,0,3,1,0,0,0,0,0,2,0,1,1,1,,,,,,,health deterioration,depends on the medicine,3,3,yes,prescribed daily medicine,take-your-medication,take-your-medication,"act,decay,dn,dur,ev,freq,info,lt,nov,opt,rec,reg,rev,tail,unc",heuristic,low,judgement
mix-medication-with-alcohol,Mix medication with alcohol,avoid,avoid,avoid,5,30,90,0,0,1,0,0,0,0,0,0,2,0,0,0,0,3,1,0,0,0,0,0,2,0,1,1,1,,,,,,,adverse interaction,unknown; depends on the medicine,4,3,yes,"sedatives, painkillers, some antibiotics","have-a-drink,take-your-medication",drink-water,"act,decay,dn,dur,ev,freq,info,joy,lt,nov,opt,rec,reg,rev,tail,unc",heuristic,low,judgement
leave-the-stove-on-and-go-out,Leave the stove on and go out,avoid,avoid,avoid,5,30,90,0,0,1,0,0,0,0,0,0,1,0,0,0,0,3,1,0,0,0,0,0,1,0,1,1,1,,,,,,,fire,very low; repeated,4,4,yes,unattended heat,"cook-dinner,cook-lunch",cook-dinner,"act,decay,dn,dur,ev,freq,info,lt,nov,opt,rec,reg,rev,tail,unc",heuristic,low,judgement
send-an-angry-email,Send an angry email,avoid,avoid,avoid,5,30,90,0,0,1,0,0,0,0,0,0,1,0,0,0,0,3,1,0,0,0,0,0,3,0,1,1,1,,,,,,,relationship and reputational harm,moderate,3,3,yes,writing while angry; cannot be unsent,"reply-to-email,write-a-difficult-email",write-in-a-journal,"act,car,decay,dn,dur,ev,freq,info,lt,nov,opt,rec,reg,rev,soc,tail,unc",heuristic,low,judgement
post-something-inflammatory-online,Post something inflammatory online,avoid,avoid,avoid,5,30,90,0,0,1,0,0,0,0,0,0,1,0,0,0,0,3,1,0,0,0,0,0,3,0,1,1,1,,,,,,,permanent reputational harm,low to moderate,3,4,yes,screenshots persist,"post-an-update-online,scroll-social-media",write-in-a-journal,"act,decay,dn,dur,ev,freq,info,joy,lt,nov,opt,rec,reg,rev,tail,unc",heuristic,low,judgement
invest-borrowed-money-in-a-speculative-asset,Invest borrowed money in a speculative asset,avoid,avoid,avoid,5,30,90,0,0,1,0,0,0,0,0,0,1,0,0,1,0,3,1,0,0,0,0,0,4,3,1,1,1,,,,,,,catastrophic financial loss,unknown,4,3,no,leverage turns a drawdown into a debt,"invest,buy-a-lottery-ticket",set-up-a-savings-plan,"act,decay,dn,dur,ev,fin,freq,info,lt,nov,opt,rec,reg,rev,tail,unc",heuristic,low,judgement
gamble-to-win-back-losses,Gamble to win back losses,avoid,avoid,avoid,5,30,90,0,0,1,0,0,0,0,0,0,1,0,0,0,0,3,1,0,0,0,0,0,4,1,1,1,1,,,,,,,escalating financial loss,moderate once chasing starts,4,3,yes,chasing,buy-a-lottery-ticket,save-the-money,"act,decay,dn,dur,ev,freq,info,joy,lt,nov,opt,rec,reg,rev,tail,unc",heuristic,low,judgement
take-on-high-interest-debt-for-a-purchase,Take on high-interest debt for a purchase,avoid,avoid,avoid,5,30,90,0,0,1,0,0,0,0,0,0,2,0,0,0,0,3,1,0,0,0,0,0,3,0,1,1,1,,,,,,,compounding debt,moderate if the balance rolls over,3,2,yes,interest compounding against you,"buy-this,buy-a-new-phone,buy-a-car,buy-a-laptop",wait-24-hours-before-buying,"act,decay,dn,dur,ev,freq,info,joy,lt,nov,opt,rec,reg,rev,tail,unc",heuristic,low,judgement
sign-a-contract-without-reading-it,Sign a contract without reading it,avoid,avoid,avoid,5,30,90,0,0,1,0,0,0,0,0,0,1,0,0,0,0,3,1,0,0,0,0,0,2,0,1,1,1,,,,,,,legal or financial lock-in,low,3,3,yes,"auto-renewals, penalties, liability clauses","fill-in-a-form,buy-furniture,subscribe-to-a-service",read-the-contract-carefully,"act,decay,dn,dur,ev,freq,info,lt,nov,opt,rec,reg,rev,tail,unc",heuristic,low,judgement
click-a-suspicious-link,Click a suspicious link,avoid,avoid,avoid,5,30,90,0,0,1,0,0,0,0,0,0,1,0,0,0,0,3,1,0,0,0,0,0,2,0,1,1,1,,,,,,,"account takeover, financial loss",low per message; repeated,3,2,yes,urgent messages asking you to log in or pay,"check-your-phone,reply-to-email,reply-to-messages",change-your-password,"act,decay,dn,dur,ev,freq,info,lt,nov,opt,rec,reg,rev,tail,unc",heuristic,low,judgement
quit-your-job-impulsively,Quit your job impulsively,avoid,avoid,avoid,5,30,90,0,0,1,0,0,0,1,0,0,1,0,0,0,0,3,1,0,0,0,0,0,3,2,1,1,1,,,,,,,income loss,high if no plan,3,3,no,a bad day,"apply-for-a-job,stop-working-for-the-day",apply-for-a-job,"act,car,decay,dn,dur,ev,freq,info,lt,nov,opt,rec,reg,rev,tail,unc",heuristic,low,judgement
make-a-major-decision-while-exhausted-or-angry,Make a major decision while exhausted or angry,avoid,avoid,avoid,5,30,90,0,0,1,0,0,0,0,0,0,1,0,0,0,0,3,1,0,0,0,0,0,2,0,1,1,1,,,,,,,irreversible commitment,moderate,3,3,yes,"fatigue, anger","make-a-decision,resolve-a-conflict",sleep-on-it,"act,decay,dn,dur,ev,freq,info,lt,nov,opt,rec,reg,rev,tail,unc",heuristic,low,judgement
doomscroll-past-midnight,Doomscroll past midnight,avoid,avoid,avoid,5,30,90,0,0,1,0,0,0,0,0,0,1,0,0,0,0,3,1,0,0,0,0,0,1,0,1,1,1,,,,,,,sleep loss (not ruin),high,1,1,yes,phone in bed,"scroll-social-media,stay-up-late",wind-down-for-bed,"act,decay,dn,dur,ev,freq,hea,info,joy,lt,nov,opt,rec,reg,rev,tail,unc",heuristic,low,judgement
stay-up-all-night-before-a-big-day,Stay up all night before a big day,avoid,avoid,avoid,5,30,90,0,0,1,0,0,0,1,0,0,1,0,0,0,0,3,1,0,0,0,0,0,2,0,1,1,1,,,,,,,performance collapse (not ruin),high,2,1,no,the big day itself,"stay-up-late,study-for-an-exam",go-to-bed-early,"act,car,decay,dn,dur,ev,freq,info,lt,nov,opt,rec,reg,rev,tail,unc",heuristic,low,judgement
