alias,action_id
2fa,change-your-password
4d,buy-a-lottery-ticket
a and e,seek-urgent-medical-care
a new language,study-a-new-language
accounting,study-accounting
act now,implement-the-idea
active commute,walk-to-work
add to cart,buy-this
air purifier,buy-an-air-purifier
aircon,buy-a-fan
airpods,buy-headphones
airport,go-to-the-airport
alcohol and meds,mix-medication-with-alcohol
all nighter,stay-up-all-night-before-a-big-day
all-nighter,stay-up-all-night-before-a-big-day
alone time,spend-time-alone
amusement park,go-to-a-theme-park
analyse the data,analyse-the-data
analyze data,analyse-the-data
angry email,send-an-angry-email
anki,review-flashcards
another paper,read-another-paper
answer email,reply-to-email
answer support tickets,answer-support-tickets
apologise,apologise-to-someone
apologise to someone,apologise-to-someone
apologize,apologise-to-someone
application form,fill-in-a-form
apply,apply-what-you-know
apply for a job,apply-for-a-job
apply job,apply-for-a-job
apply what you know,apply-what-you-know
aquarium,go-to-the-zoo
arrange to meet,plan-the-next-meetup
art gallery,go-to-a-museum
art history,study-art-history
ask a colleague for help,ask-a-colleague-for-help
ask coworker,ask-a-colleague-for-help
ask for a raise,negotiate-your-salary
ask for help,ask-a-colleague-for-help
ask the author,email-the-author
astronomy,study-astronomy
atm,go-to-the-bank
attend a birthday party,attend-a-birthday-party
attend a meeting,attend-a-meeting
attend a religious service,attend-a-religious-service
attend a workshop,attend-a-workshop
audio,listen-to-a-podcast
auto save,set-up-a-savings-plan
back up,back-up-your-files
back up your files,back-up-your-files
background music,put-on-music
backpack,buy-a-backpack
backup,back-up-your-files
backups,back-up-your-files
badminton,play-a-sport
badminton,play-badminton
badminton game,play-badminton
bag,buy-a-backpack
bake,bake
bake a cake,bake
bake bread,bake
baking,bake
balance,check-your-bank-account
balcony plants,buy-plants-for-the-balcony
bank,go-to-the-bank
bank balance,check-your-bank-account
barber,get-a-haircut
basketball,play-a-sport
basketball,play-basketball
basketball game,play-basketball
batch cook,meal-prep
batch email,batch-your-messages
batch errands,batch-your-errands
batch messages,batch-your-messages
batch your errands,batch-your-errands
batch your messages,batch-your-messages
bath,have-a-bath
bath,take-a-shower
bathe,take-a-shower
bathroom,clean-the-bathroom
be alone,spend-time-alone
beach,go-to-the-beach
beach in lightning,swim-in-the-sea-during-a-thunderstorm
bed,sleep
bed early,go-to-bed-early
bed frame,buy-furniture
bedding,buy-new-bedding
bedsheets,change-the-bed-sheets
bedtime routine,wind-down-for-bed
beer,have-a-drink
bento,pack-a-lunch
bicycle,buy-a-bike
bike,cycle
bike ride,cycle
bills,pay-your-bills
binge,watch-tv
bins,take-out-the-rubbish
biology,study-biology
bird park,go-to-the-zoo
birds,go-birdwatching
birdwatching,go-birdwatching
birthday,attend-a-birthday-party
bjj,martial-arts-class
blender,buy-a-blender
blog,write-something
blood test,get-a-health-check-up
bluetooth speaker,buy-a-speaker
board game,play-a-board-game
boba,get-bubble-tea
bodyweight,do-bodyweight-exercises
book,read-a-book
book a doctor's appointment,book-a-doctors-appointment
book a holiday,book-a-holiday
book a slot,schedule-an-appointment
book a trip,book-a-holiday
book appointment,schedule-an-appointment
book doctor,book-a-doctors-appointment
book purchase,buy-a-book
bookshop,go-to-a-bookshop
bookstore,go-to-a-bookshop
borrow,borrow-it-instead
borrow it instead,borrow-it-instead
borrow to invest,invest-borrowed-money-in-a-speculative-asset
bottle,buy-a-water-bottle
bouldering,climb
box breathing,do-breathing-exercises
boxing,martial-arts-class
brainstorm,brainstorm-ideas
brainstorm ideas,brainstorm-ideas
branch,go-to-the-bank
break,take-a-short-break
breakfast,eat-breakfast
breather,take-a-short-break
breathing,do-breathing-exercises
breathwork,do-breathing-exercises
brew coffee,make-coffee
browse,browse-the-internet
browse,consume-instead-of-create
browse shops,go-shopping-for-fun
browse the internet,browse-the-internet
brunch,have-brunch
brush and floss,brush-and-floss
brush teeth,brush-and-floss
bubble bath,have-a-bath
bubble tea,get-bubble-tea
budget,make-a-budget
budgeting,make-a-budget
build it,implement-the-idea
build something,build-something
build the feature,write-code
bus,take-public-transport
buy a backpack,buy-a-backpack
buy a bike,buy-a-bike
buy a blender,buy-a-blender
buy a book,buy-a-book
buy a camera,buy-a-camera
buy a car,buy-a-car
buy a chair,buy-a-chair
buy a coffee machine,buy-a-coffee-machine
buy a console,buy-a-console
buy a course,buy-a-course
buy a desk lamp,buy-a-desk-lamp
buy a fan,buy-a-fan
buy a gadget,buy-a-gadget
buy a game,buy-a-game
buy a gift,buy-a-gift
buy a gift card,buy-a-gift-card
buy a gym membership,buy-a-gym-membership
buy a keyboard,buy-a-keyboard
buy a laptop,buy-a-laptop
buy a lottery ticket,buy-a-lottery-ticket
buy a mattress,buy-a-mattress
buy a monitor,buy-a-monitor
buy a new phone,buy-a-new-phone
buy a phone case,buy-a-phone-case
buy a plant,buy-a-plant
buy a printer,buy-a-printer
buy a rice cooker,buy-a-rice-cooker
buy a speaker,buy-a-speaker
buy a suitcase,buy-a-suitcase
buy a tablet,buy-a-tablet
buy a tv,buy-a-tv
buy a vacuum cleaner,buy-a-vacuum-cleaner
buy a watch,buy-a-watch
buy a water bottle,buy-a-water-bottle
buy an air purifier,buy-an-air-purifier
buy an umbrella,buy-an-umbrella
buy board game,buy-board-games
buy board games,buy-board-games
buy clothes,buy-clothes
buy coffee,get-a-coffee
buy concert tickets,buy-concert-tickets
buy food,go-grocery-shopping
buy furniture,buy-furniture
buy groceries,go-grocery-shopping
buy headphones,buy-headphones
buy it,buy-this
buy it second-hand,buy-it-second-hand
buy kitchen knives,buy-kitchen-knives
buy new bedding,buy-new-bedding
buy now pay later,take-on-high-interest-debt-for-a-purchase
buy plants for the balcony,buy-plants-for-the-balcony
buy present,buy-a-gift
buy running shoes,buy-running-shoes
buy skincare products,buy-skincare-products
buy stocks,invest
buy sunglasses,buy-sunglasses
buy this,buy-this
cab,take-a-taxi
cafe,people-watch-at-a-cafe
cafe work,work-from-a-cafe
caffeine,drink-coffee
café,people-watch-at-a-cafe
cake,have-dessert
calculus,study-calculus
calendar reminder,set-a-reminder
calisthenics,do-bodyweight-exercises
call,make-a-phone-call
call a friend,call-a-friend
call dad,call-your-parents
call friend,call-a-friend
call home,call-your-parents
call it a day,stop-working-for-the-day
call mom,call-your-parents
call mum,call-your-parents
call parents,call-your-parents
call your parents,call-your-parents
calm,meditate
calm down,do-breathing-exercises
camera,buy-a-camera
camp,go-camping
camping,go-camping
cancel,cancel-a-subscription
cancel a subscription,cancel-a-subscription
cancel subscription,cancel-a-subscription
car,buy-a-car
car service,get-the-car-serviced
card game,play-a-board-game
cards,play-a-board-game
carousell,buy-it-second-hand
carry on working,continue-working
case,buy-a-phone-case
catch a flight,go-to-the-airport
catch up,meet-a-friend
catch up on messages,reply-to-messages
catch up with a friend,call-a-friend
chair,buy-furniture
change sheets,change-the-bed-sheets
change the bed sheets,change-the-bed-sheets
change your password,change-your-password
charity work,volunteer
chase losses,gamble-to-win-back-losses
chat,reply-to-messages
cheaper,compare-prices
check account,check-your-bank-account
check in,check-in-on-a-friend
check in on a friend,check-in-on-a-friend
check phone,check-your-phone
check slack,check-slack
check the weather,check-the-weather
check transactions,check-your-credit-card-statement
check up,get-a-health-check-up
check your bank account,check-your-bank-account
check your credit card statement,check-your-credit-card-statement
check your phone,check-your-phone
check your posture,check-your-posture
checkout,buy-this
chemistry,study-chemistry
chess,play-a-board-game
chess.com,play-chess-online
chest pain,ignore-chest-pain
chill,rest
choose,make-a-decision
church,attend-a-religious-service
cinema,watch-a-film
class,attend-a-workshop
clean desk,tidy-your-desk
clean desktop,organise-your-files
clean room,clean-your-room
clean the bathroom,clean-the-bathroom
clean the fridge,clean-the-fridge
clean the kitchen,clean-the-kitchen
clean toilet,clean-the-bathroom
clean up code,refactor-code
clean up computer,clear-your-downloads
clean your room,clean-your-room
clear your downloads,clear-your-downloads
clear your inbox,clear-your-inbox
click a suspicious link,click-a-suspicious-link
click agree,sign-a-contract-without-reading-it
climb,climb
climb stairs,take-the-stairs
climbing,climb
clinic,book-a-doctors-appointment
clock out,stop-working-for-the-day
clothes,buy-clothes
cocktail,have-a-drink
code review,review-a-pull-request
coding,write-code
coffee,get-a-coffee
coffee break,make-coffee
coffee machine,buy-a-coffee-machine
coffee shop work,work-from-a-cafe
collect package,pick-up-a-parcel
combine errands,batch-your-errands
comedy,go-to-a-comedy-show
community service,volunteer
compare prices,compare-prices
compose,make-music
concentrate,deep-work
concert,go-to-a-concert
concert tickets,buy-concert-tickets
conference,network
console,play-video-games
consume,consume-instead-of-create
consume instead of create,consume-instead-of-create
contact a researcher,email-the-author
contact someone interesting,email-the-author
contact the author,email-the-author
continue debugging,continue-debugging
continue work,continue-working
continue working,continue-working
cook,cook-dinner
cook dinner,cook-dinner
cook lunch,cook-lunch
cook something new,try-a-new-recipe
cooking,cook-dinner
cooking theory,study-cooking-theory
cooling off,wait-24-hours-before-buying
course,take-an-online-course
coursera,take-an-online-course
craft,build-something
crafts,build-something
creative writing,write-something
credit card,check-your-credit-card-statement
credit card debt,take-on-high-interest-debt-for-a-purchase
cricket,play-cricket
cricket game,play-cricket
crochet,knit-or-sew
crossword,do-a-puzzle
crunch numbers,analyse-the-data
cry,sit-with-your-feelings
crypto on credit,invest-borrowed-money-in-a-speculative-asset
cup of tea,make-tea
cupboard,organise-a-cupboard
customer support,answer-support-tickets
cut down on alcohol,cut-down-on-alcohol
cv,update-your-cv
cycle,cycle
cycle at night,cycle-on-roads-at-night-without-lights
cycle on roads at night without lights,cycle-on-roads-at-night-without-lights
cycling,cycle
dance,dance
dance class,dance
dancing,dance
data analysis,analyse-the-data
date,go-on-a-date
date night,go-on-a-date
day trip,go-on-a-day-trip
daydream,daydream
daylight,get-sunlight
debug,continue-debugging
debugging,continue-debugging
decide,make-a-decision
decide angry,make-a-major-decision-while-exhausted-or-angry
decide tired,make-a-major-decision-while-exhausted-or-angry
decide tomorrow,sleep-on-it
decision,make-a-decision
deck,prepare-a-presentation
decline meeting,skip-the-meeting
declutter,declutter
declutter room,clean-your-room
deep clean,deep-clean-the-house
deep clean the house,deep-clean-the-house
deep work,deep-work
defer the decision,sleep-on-it
delete files,clear-your-downloads
delivery,order-takeaway
delivery instead,order-it-online
dental,see-a-dentist
dental hygiene,brush-and-floss
dentist,see-a-dentist
design,study-design
desk,buy-furniture
desk,tidy-your-desk
dessert,have-dessert
device,buy-a-gadget
diary,write-in-a-journal
difficult conversation,resolve-a-conflict
digestive walk,take-a-walk-after-eating
digital detox,put-your-phone-away
dine out,eat-out
dinner,eat-dinner
dinner party,host-dinner
dishes,do-the-dishes
dishwasher,do-the-dishes
display,buy-a-monitor
distract yourself,keep-busy
diy,fix-something-broken
dm,send-a-text-message
dnd,turn-off-notifications
do a hiit workout,do-a-hiit-workout
do a puzzle,do-a-puzzle
do an easy task,do-an-easy-task
do bodyweight exercises,do-bodyweight-exercises
do breathing exercises,do-breathing-exercises
do mathematics,do-mathematics
do mobility work,do-mobility-work
do not disturb,turn-off-notifications
do nothing,do-nothing
do nothing at all,do-nothing
do skincare,do-skincare
do something useful,do-something-useful
do the dishes,do-the-dishes
do the hard task first,do-the-hard-task-first
do the laundry,do-the-laundry
do yoga,do-yoga
do your taxes,do-your-taxes
docs,write-documentation
doctor,book-a-doctors-appointment
document,write-documentation
documents,sort-your-paperwork
dog,play-with-your-dog
don't buy,save-the-money
don't go,stay-home
donate stuff,declutter
dont buy,save-the-money
dont drink,cut-down-on-alcohol
dont go out,stay-home
doodle,draw
doomscroll,scroll-social-media
doomscroll past midnight,doomscroll-past-midnight
downloads,clear-your-downloads
draft,write-it-up
draw,draw
drawing,draw
drink alcohol,have-a-drink
drink and swim,swim-after-drinking
drink caffeine,drink-coffee
drink coffee,drink-coffee
drink driving,drive-after-drinking
drink on medication,mix-medication-with-alcohol
drink water,drink-water
drive,go-for-a-drive
drive after drinking,drive-after-drinking
drive home after drinks,drive-after-drinking
drive tired,drive-while-exhausted
drive while exhausted,drive-while-exhausted
drop off dry cleaning,drop-off-dry-cleaning
drowsy driving,drive-while-exhausted
drunk driving,drive-after-drinking
dry cleaning,drop-off-dry-cleaning
duolingo,learn-a-language
duvet,buy-new-bedding
earbuds,buy-headphones
early night,go-to-bed-early
earphones,buy-headphones
east coast,go-to-the-beach
eat a snack,eat-a-snack
eat at a hawker centre,eat-at-a-hawker-centre
eat breakfast,eat-breakfast
eat dinner,eat-dinner
eat leftovers,eat-leftovers
eat lunch,eat-lunch
eat out,eat-out
eat somewhere new,try-a-new-restaurant
eat the frog,do-the-hard-task-first
ebay,buy-it-second-hand
economics,study-economics
edit a video,edit-a-video
edit video,edit-a-video
educational video,watch-a-lecture
ego lift,lift-heavy-without-warming-up
email,reply-to-email
email a researcher,email-the-author
email author,email-the-author
email the author,email-the-author
emails,reply-to-email
emergency,seek-urgent-medical-care
enough research,stop-researching
erg,row
ergonomics,check-your-posture
errand run,batch-your-errands
espresso,make-coffee
espresso machine,buy-a-coffee-machine
estate planning,write-a-will
etf,invest
evening meal,eat-dinner
evening routine,wind-down-for-bed
exam prep,study-for-an-exam
excursion,go-on-a-day-trip
exercise,go-to-the-gym
exercise through sharp pain,exercise-through-sharp-pain
exhibition,go-to-a-museum
explain the problem,rubber-duck-the-problem
explain to someone,teach-someone
explore,visit-a-new-neighbourhood
explore the city,visit-a-new-neighbourhood
facebook,scroll-social-media
family time,play-with-your-kids
fan,buy-a-fan
farmers market,go-to-a-farmers-market
fast,skip-this-meal
fasting,skip-this-meal
feed cat,feed-the-pet
feed dog,feed-the-pet
feed the pet,feed-the-pet
feel it,sit-with-your-feelings
feelings,sit-with-your-feelings
fiction,read-a-novel
file management,organise-your-files
file taxes,do-your-taxes
filing,sort-your-paperwork
fill in a form,fill-in-a-form
fill up petrol,fill-up-petrol
film,watch-a-film
finance,study-finance
finance a gadget,take-on-high-interest-debt-for-a-purchase
find the bug,continue-debugging
finish work,stop-working-for-the-day
first aid,study-first-aid
fishing,go-fishing
fix,fix-something-broken
fix it,fix-something-broken
fix something broken,fix-something-broken
fix the bug,continue-debugging
flame,post-something-inflammatory-online
flashcards,review-flashcards
floss,brush-and-floss
fly,go-to-the-airport
foam roll,do-mobility-work
foam rolling,do-mobility-work
focus,deep-work
focused work,deep-work
fold clothes,fold-the-laundry
fold the laundry,fold-the-laundry
food court,eat-at-a-hawker-centre
football,play-a-sport
football,play-football
football game,play-football
forecast,check-the-weather
forest,walk-in-nature
forest bathing,walk-in-nature
form,fill-in-a-form
french,learn-a-language
fridge,clean-the-fridge
frisbee,play-frisbee
frisbee game,play-frisbee
fruit,have-a-healthy-snack
fuel,fill-up-petrol
funding application,write-a-grant
furniture,buy-furniture
futsal,play-a-sport
futsal,play-futsal
futsal game,play-futsal
gadget,buy-a-gadget
gallery,go-to-a-museum
gamble,buy-a-lottery-ticket
gamble to win back losses,gamble-to-win-back-losses
games,play-video-games
gaming,play-video-games
garbage,take-out-the-rubbish
garden,garden
gardening,garden
gas,fill-up-petrol
geography,study-geography
get a coffee,get-a-coffee
get a haircut,get-a-haircut
get a health check-up,get-a-health-check-up
get a massage,get-a-massage
get bubble tea,get-bubble-tea
get help,ask-a-colleague-for-help
get it,buy-this
get rid of stuff,declutter
get something done,do-something-useful
get sunlight,get-sunlight
get the car serviced,get-the-car-serviced
gift,buy-a-gift
gift card,buy-a-gift-card
gig,go-to-a-concert
glass of water,drink-water
go birdwatching,go-birdwatching
go camping,go-camping
go dancing,dance
go driving,go-for-a-drive
go fishing,go-fishing
go for a drink,have-a-drink
go for a drive,go-for-a-drive
go for a run,go-for-a-run
go for a swim in the sea,go-for-a-swim-in-the-sea
go for a walk,go-for-a-walk
go for coffee,get-a-coffee
go grocery shopping,go-grocery-shopping
go hiking,go-hiking
go home,visit-your-family
go ice skating,go-ice-skating
go kayaking,go-kayaking
go on a date,go-on-a-date
go on a day trip,go-on-a-day-trip
go out to eat,eat-out
go outside,get-sunlight
go outside,go-for-a-walk
go shopping for fun,go-shopping-for-fun
go swimming,swim
go to a bookshop,go-to-a-bookshop
go to a café alone,go-to-a-cafe-alone
go to a comedy show,go-to-a-comedy-show
go to a concert,go-to-a-concert
go to a farmers' market,go-to-a-farmers-market
go to a hackathon,go-to-a-hackathon
go to a museum,go-to-a-museum
go to a party,attend-a-birthday-party
go to a sauna,go-to-a-sauna
go to a theme park,go-to-a-theme-park
go to bed,sleep
go to bed early,go-to-bed-early
go to hospital,seek-urgent-medical-care
go to meeting,attend-a-meeting
go to sleep,sleep
go to the airport,go-to-the-airport
go to the bank,go-to-the-bank
go to the beach,go-to-the-beach
go to the gym,go-to-the-gym
go to the movies,watch-a-film
go to the park,go-to-the-park
go to the post office,go-to-the-post-office
go to the supermarket,go-grocery-shopping
go to the theatre,go-to-the-theatre
go to the zoo,go-to-the-zoo
goal setting,set-goals
goals,set-goals
golf,play-golf
golf game,play-golf
government form,fill-in-a-form
gp,book-a-doctors-appointment
grab,order-takeaway
grab,take-a-taxi
grant,write-a-grant
gratitude,practise-gratitude
gratitude note,send-a-thank-you-note
green,walk-in-nature
green space,go-to-the-park
groceries,go-grocery-shopping
grocery,go-grocery-shopping
grocery shopping,go-grocery-shopping
guitar,practise-an-instrument
gym,go-to-the-gym
gym membership,buy-a-gym-membership
hackathon,go-to-a-hackathon
haircut,get-a-haircut
hairdresser,get-a-haircut
hang out,meet-a-friend
hard email,write-a-difficult-email
hardest task,do-the-hard-task-first
have a bath,have-a-bath
have a coffee,drink-coffee
have a drink,have-a-drink
have a healthy snack,have-a-healthy-snack
have a picnic,have-a-picnic
have a snack,eat-a-snack
have brunch,have-brunch
have dessert,have-dessert
have dinner,eat-dinner
have lunch,eat-lunch
have people over,host-dinner
have the difficult conversation,resolve-a-conflict
hawker,eat-at-a-hawker-centre
hawker centre,eat-at-a-hawker-centre
headlines,read-the-news
headphones,buy-headphones
heads down,deep-work
headspace,meditate
health check,get-a-health-check-up
healthy snack,have-a-healthy-snack
help a junior,mentor-someone
help a neighbour,help-a-neighbour
help neighbour,help-a-neighbour
help someone,help-a-neighbour
herbal tea,make-tea
hiit,do-a-hiit-workout
hike,go-hiking
hike alone,hike-alone-without-telling-anyone
hike alone without telling anyone,hike-alone-without-telling-anyone
hiking,go-hiking
history,study-history
hobby project,work-on-a-side-project
hockey,play-hockey
hockey game,play-hockey
holiday,book-a-holiday
hoover,vacuum
hospital visit,visit-a-friend-in-hospital
host dinner,host-dinner
host friends,host-dinner
houseplant,buy-a-plant
how to video,watch-a-tutorial
hydrate,drink-water
hydration,drink-water
ice cream,have-dessert
ice skating,go-ice-skating
id card,renew-your-passport
ideas,brainstorm-ideas
ideate,brainstorm-ideas
idle,do-nothing
ignore chest pain,ignore-chest-pain
ignore it,leave-it-for-now
ignore pain,exercise-through-sharp-pain
ignore symptoms,ignore-chest-pain
implement,implement-the-idea
implement,write-code
implement the idea,implement-the-idea
important task,do-the-hard-task-first
inaction,do-nothing
inbox zero,clear-your-inbox
index fund,invest
inflammatory post,post-something-inflammatory-online
instagram,scroll-social-media
insurance,review-your-insurance
insurance policy,review-your-insurance
internet,browse-the-internet
interval training,do-a-hiit-workout
intervals,do-a-hiit-workout
invest,invest
invest borrowed money in a speculative asset,invest-borrowed-money-in-a-speculative-asset
investigate,research-a-topic
investing,invest
ipad,buy-a-tablet
iphone,buy-a-new-phone
iras,do-your-taxes
iron,iron-clothes
iron clothes,iron-clothes
ironing,iron-clothes
japanese,learn-a-language
jigsaw,do-a-puzzle
job application,apply-for-a-job
jog,go-for-a-run
jogging,go-for-a-run
join a club,make-a-new-friend
join call,attend-a-meeting
journal,write-in-a-journal
journaling,write-in-a-journal
judo,martial-arts-class
juice,make-a-smoothie
just do it,implement-the-idea
just sit,do-nothing
karaoke,karaoke
karate,martial-arts-class
kayak,go-kayaking
kayaking,go-kayaking
keep busy,keep-busy
keep debugging,continue-debugging
keep reading papers,read-another-paper
keep working,continue-working
keyboard,buy-a-keyboard
kickboxing,martial-arts-class
kids,play-with-your-kids
kindle book,buy-a-book
kitchen,clean-the-kitchen
knife,buy-kitchen-knives
knit,knit-or-sew
knit or sew,knit-or-sew
knitting,knit-or-sew
knives,buy-kitchen-knives
kopitiam,eat-at-a-hawker-centre
ktv,karaoke
lamp,buy-a-desk-lamp
language,learn-a-language
laps,swim
laptop,buy-a-laptop
late night,stay-up-late
late night scrolling,doomscroll-past-midnight
later,leave-it-for-now
latte,get-a-coffee
laundry,do-the-laundry
law,study-law
learn a language,learn-a-language
learn a new language,study-a-new-language
learn a new tool,learn-a-new-tool
learn a tool,learn-a-new-tool
learn accounting,study-accounting
learn art history,study-art-history
learn astronomy,study-astronomy
learn biology,study-biology
learn calculus,study-calculus
learn chemistry,study-chemistry
learn cooking theory,study-cooking-theory
learn design,study-design
learn economics,study-economics
learn finance,study-finance
learn first aid,study-first-aid
learn framework,learn-a-new-tool
learn geography,study-geography
learn history,study-history
learn law,study-law
learn linear algebra,study-linear-algebra
learn machine learning,study-machine-learning
learn marketing,study-marketing
learn music theory,study-music-theory
learn negotiation,study-negotiation
learn nutrition,study-nutrition
learn philosophy,study-philosophy
learn photography,study-photography
learn physics,study-physics
learn probability,study-probability
learn programming,study-programming
learn psychology,study-psychology
learn public speaking,study-public-speaking
learn recipe,learn-to-cook-a-new-dish
learn statistics,study-statistics
learn to cook a new dish,learn-to-cook-a-new-dish
learn writing,study-writing
leave cooking unattended,leave-the-stove-on-and-go-out
leave it,leave-it-for-now
leave it for now,leave-it-for-now
leave the stove on and go out,leave-the-stove-on-and-go-out
lecture,take-an-online-course
lecture,watch-a-lecture
leftovers,eat-leftovers
lego,build-something
letter,write-a-letter
letters,sort-your-paperwork
leverage,invest-borrowed-money-in-a-speculative-asset
library,visit-a-library
library visit,go-to-a-bookshop
lichess,play-chess-online
lie down,rest
lie in,lie-in
lie-in,lie-in
lift,strength-training
lift heavy without warming up,lift-heavy-without-warming-up
lifting,strength-training
linear algebra,study-linear-algebra
linkedin profile,update-your-cv
listen to a podcast,listen-to-a-podcast
listen to an album,listen-to-music
listen to music,listen-to-music
literature review,read-another-paper
live music,go-to-a-concert
log off,stop-working-for-the-day
look into,research-a-topic
look it up,research-a-topic
lottery,buy-a-lottery-ticket
low hanging fruit,do-an-easy-task
luggage,buy-a-suitcase
lunch,eat-lunch
macbook,buy-a-laptop
machine learning,study-machine-learning
mail a package,go-to-the-post-office
make a budget,make-a-budget
make a decision,make-a-decision
make a major decision while exhausted or angry,make-a-major-decision-while-exhausted-or-angry
make a new friend,make-a-new-friend
make a phone call,make-a-phone-call
make a plan,write-a-plan
make a smoothie,make-a-smoothie
make a song,make-music
make amends,apologise-to-someone
make bed,make-your-bed
make coffee,make-coffee
make dinner,cook-dinner
make lunch,cook-lunch
make music,make-music
make slides,prepare-a-presentation
make something,build-something
make tea,make-tea
make up your mind,make-a-decision
make your bed,make-your-bed
maker time,deep-work
mall,go-shopping-for-fun
margin trading,invest-borrowed-money-in-a-speculative-asset
marie kondo,declutter
market,go-to-a-farmers-market
marketing,study-marketing
martial arts,martial-arts-class
martial arts class,martial-arts-class
massage,get-a-massage
math,do-mathematics
mathematics,do-mathematics
maths,do-mathematics
mattress,buy-a-mattress
max lift cold,lift-heavy-without-warming-up
me time,spend-time-alone
meal prep,meal-prep
mechanic,get-the-car-serviced
mechanical keyboard,buy-a-keyboard
medication,take-your-medication
medicine,take-your-medication
meditate,meditate
meditation,meditate
meds,take-your-medication
meet a friend,meet-a-friend
meet new people,make-a-new-friend
meet people,network
meet up,meet-a-friend
meeting,attend-a-meeting
membership,buy-a-gym-membership
mentor someone,mentor-someone
mentoring,mentor-someone
message,send-a-text-message
midday meal,eat-lunch
midday run,run-hard-in-the-midday-heat
mind map,brainstorm-ideas
mind wander,daydream
mindfulness,meditate
miss medication,skip-your-medication
miss the meeting,skip-the-meeting
mix medication with alcohol,mix-medication-with-alcohol
mobile game,play-a-mobile-game
mobility,do-mobility-work
moisturise,do-skincare
moisturiser,buy-skincare-products
monitor,buy-a-monitor
mooc,take-an-online-course
mop,mop-the-floor
mop the floor,mop-the-floor
mopping,mop-the-floor
more research,read-another-paper
morning light,get-sunlight
morning meal,eat-breakfast
mosque,attend-a-religious-service
movie,watch-a-film
mrt,take-public-transport
museum,go-to-a-museum
music,listen-to-music
music on,put-on-music
music practice,practise-an-instrument
music theory,study-music-theory
musical,go-to-the-theatre
nap,nap
nature,walk-in-nature
nature walk,go-hiking
negotiate your salary,negotiate-your-salary
negotiation,study-negotiation
netball,play-netball
netball game,play-netball
netflix,watch-tv
netflix subscription,subscribe-to-a-service
network,network
networking,network
new bike,buy-a-bike
new car,buy-a-car
new computer,buy-a-laptop
new friend,make-a-new-friend
new game,buy-a-game
new neighbourhood,visit-a-new-neighbourhood
new outfit,buy-clothes
new phone,buy-a-new-phone
new recipe,learn-to-cook-a-new-dish
new recipe,try-a-new-recipe
new restaurant,try-a-new-restaurant
new software,learn-a-new-tool
news,read-the-news
night owl,stay-up-late
no alcohol,cut-down-on-alcohol
no bike lights,cycle-on-roads-at-night-without-lights
no phone,put-your-phone-away
non-fiction,read-a-book
not do anything,do-nothing
not now,leave-it-for-now
not today,skip-it-today
note taking,take-notes
notes,take-notes
nothing,do-nothing
notifications off,turn-off-notifications
novel,read-a-novel
nutrition,study-nutrition
nuts,have-a-healthy-snack
ocean swim,go-for-a-swim-in-the-sea
office chair,buy-a-chair
official letter,respond-to-a-letter
online chess,play-chess-online
online course,take-an-online-course
online order,order-it-online
open water,go-for-a-swim-in-the-sea
open water alone,swim-alone-in-open-water
order a book,buy-a-book
order food,order-takeaway
order it online,order-it-online
order online,order-it-online
order takeaway,order-takeaway
organise,organise-a-cupboard
organise a cupboard,organise-a-cupboard
organise files,organise-your-files
organise plans,plan-the-next-meetup
organise your files,organise-your-files
organize,organise-a-cupboard
outline,write-a-plan
pack,pack-a-bag
pack a bag,pack-a-bag
pack a lunch,pack-a-lunch
pack for trip,pack-a-bag
pack lunch,pack-a-lunch
packed lunch,pack-a-lunch
packing,pack-a-bag
paddle,go-kayaking
paddleboard,go-kayaking
paid course,buy-a-course
paint,paint
painting,paint
pair,ask-a-colleague-for-help
paper,read-a-paper
paperwork,sort-your-paperwork
parcel,pick-up-a-parcel
park,go-to-the-park
partner,spend-time-with-your-partner
party,attend-a-birthday-party
passive,consume-instead-of-create
passport,renew-your-passport
password,change-your-password
password manager,change-your-password
passwords,change-your-password
pause,take-a-short-break
pay bill,pay-your-bills
pay bills,pay-your-bills
pay your bills,pay-your-bills
people-watch at a café,people-watch-at-a-cafe
personal project,work-on-a-side-project
pet food,feed-the-pet
petrol,fill-up-petrol
pharmacy,refill-your-prescription
philosophy,study-philosophy
phishing,click-a-suspicious-link
phone,check-your-phone
phone a friend,call-a-friend
phone away,put-your-phone-away
phone call,make-a-phone-call
phone case,buy-a-phone-case
phone game,play-a-mobile-game
phone upgrade,buy-a-new-phone
phone while driving,text-while-driving
photo walk,take-photos
photography,study-photography
photography,take-photos
physics,study-physics
piano,practise-an-instrument
pick up a parcel,pick-up-a-parcel
pick up groceries,go-grocery-shopping
pickleball,play-pickleball
pickleball game,play-pickleball
pickup,pick-up-a-parcel
picnic,have-a-picnic
pilates,pilates
pilates class,pilates
pillow,buy-new-bedding
plan,write-a-plan
plan a trip,book-a-holiday
plan meetup,plan-the-next-meetup
plan the day,plan-tomorrow
plan the next meetup,plan-the-next-meetup
plan the year,set-goals
plan tomorrow,plan-tomorrow
planning,write-a-plan
plant,buy-a-plant
plants,garden
plants,water-the-plants
play,go-to-the-theatre
play a board game,play-a-board-game
play a mobile game,play-a-mobile-game
play a sport,play-a-sport
play badminton,play-badminton
play basketball,play-basketball
play chess online,play-chess-online
play cricket,play-cricket
play football,play-football
play frisbee,play-frisbee
play futsal,play-futsal
play games,play-video-games
play golf,play-golf
play hockey,play-hockey
play netball,play-netball
play pickleball,play-pickleball
play rugby,play-rugby
play squash,play-squash
play table tennis,play-table-tennis
play tennis,play-tennis
play video games,play-video-games
play volleyball,play-volleyball
play with children,play-with-your-kids
play with pet,play-with-your-dog
play with your dog,play-with-your-dog
play with your kids,play-with-your-kids
playlist,listen-to-music
podcast,listen-to-a-podcast
podcasts,listen-to-a-podcast
poem,write-poetry
poetry,write-poetry
pomodoro,set-a-timer
pool,swim
post,post-an-update-online
post an update online,post-an-update-online
post meal walk,take-a-walk-after-eating
post office,go-to-the-post-office
post on social media,post-an-update-online
post something inflammatory online,post-something-inflammatory-online
postcard,write-a-letter
posture,check-your-posture
power nap,nap
pr review,review-a-pull-request
practice,apply-what-you-know
practice instrument,practise-an-instrument
practise an instrument,practise-an-instrument
practise gratitude,practise-gratitude
practise language,learn-a-language
pray,pray
prayer,pray
prep meals,meal-prep
prepare a presentation,prepare-a-presentation
prepare dinner,cook-dinner
prepare lunch,cook-lunch
prescription,refill-your-prescription
present,buy-a-gift
presentation,prepare-a-presentation
price compare,compare-prices
printer,buy-a-printer
prioritise,plan-tomorrow
probability,study-probability
problem set,do-mathematics
process email,clear-your-inbox
process emotions,sit-with-your-feelings
process in batches,batch-your-messages
produce music,make-music
productive,do-something-useful
professional event,network
program,write-code
programming,study-programming
programming,write-code
proofs,do-mathematics
proposal,write-a-grant
prototype,implement-the-idea
ps5,buy-a-console
psychology,study-psychology
public speaking,study-public-speaking
public transport,take-public-transport
publish,submit-the-work
purchase,buy-this
push on,continue-working
push ups,do-bodyweight-exercises
pushups,do-bodyweight-exercises
put clothes away,fold-the-laundry
put on music,put-on-music
put your phone away,put-your-phone-away
puzzle,do-a-puzzle
quality time,spend-time-with-your-partner
quick bite,eat-a-snack
quick stretch,stretch
quick win,do-an-easy-task
quiet time,rest-in-silence
quit now,quit-your-job-impulsively
quit your job impulsively,quit-your-job-impulsively
rage email,send-an-angry-email
rage quit,quit-your-job-impulsively
raise,negotiate-your-salary
rant online,post-something-inflammatory-online
reach out to someone,email-the-author
read,read-a-book
read a book,read-a-book
read a chapter,read-a-textbook
read a novel,read-a-novel
read a paper,read-a-paper
read a study,read-a-paper
read a textbook,read-a-textbook
read an article,read-a-paper
read another paper,read-another-paper
read contract,read-the-contract-carefully
read fiction,read-a-novel
read literature,read-a-paper
read news,read-the-news
read reviews,read-reviews
read the contract carefully,read-the-contract-carefully
read the news,read-the-news
read the terms,read-the-contract-carefully
reading,read-a-book
recover,rest
reddit,scroll-social-media
refactor,refactor-code
refactor code,refactor-code
refill,refill-your-prescription
refill your prescription,refill-your-prescription
reflect,reflect-on-your-week
reflect on the problem,think-without-references
reflect on your week,reflect-on-your-week
refuel,fill-up-petrol
refund,return-an-item
refurbished,buy-it-second-hand
relax,rest
remind me,set-a-reminder
reminder,set-a-reminder
renew id,renew-your-passport
renew your passport,renew-your-passport
rent instead,borrow-it-instead
rent it,borrow-it-instead
repair,fix-something-broken
reply angry,send-an-angry-email
reply letter,respond-to-a-letter
reply messages,reply-to-messages
reply to email,reply-to-email
reply to messages,reply-to-messages
report,write-a-report
research,research-a-topic
research a topic,research-a-topic
research paper,read-a-paper
research purchase,read-reviews
researcher,email-the-author
resistance training,strength-training
resolve a conflict,resolve-a-conflict
respond to a letter,respond-to-a-letter
respond to email,reply-to-email
rest,rest
rest in silence,rest-in-silence
restaurant,try-a-new-restaurant
resume,apply-for-a-job
resume,update-your-cv
return,return-an-item
return an item,return-an-item
review a pull request,review-a-pull-request
review finances,make-a-budget
review flashcards,review-flashcards
review pr,review-a-pull-request
review the week,reflect-on-your-week
review your insurance,review-your-insurance
reviews,read-reviews
revise,study-for-an-exam
revision,study-for-an-exam
rice cooker,buy-a-rice-cooker
ride a bike,cycle
ring,make-a-phone-call
ring a friend,call-a-friend
road trip,go-for-a-drive
robot vacuum,buy-a-vacuum-cleaner
rock climbing,climb
rollerblading,go-ice-skating
romantic dinner,go-on-a-date
row,row
rowing,row
rowing machine,row
rubber duck,rubber-duck-the-problem
rubber-duck the problem,rubber-duck-the-problem
rubbish,take-out-the-rubbish
rugby,play-rugby
rugby game,play-rugby
run,go-for-a-run
run at noon,run-hard-in-the-midday-heat
run hard in the midday heat,run-hard-in-the-midday-heat
run in the heat,run-hard-in-the-midday-heat
running,go-for-a-run
running shoes,buy-running-shoes
salary negotiation,negotiate-your-salary
sauna,go-to-a-sauna
save,save-the-money
save money,save-the-money
save the money,save-the-money
savings plan,set-up-a-savings-plan
say sorry,apologise-to-someone
scam link,click-a-suspicious-link
schedule,schedule-an-appointment
schedule an appointment,schedule-an-appointment
screen,buy-a-monitor
screen free,put-your-phone-away
screening,get-a-health-check-up
scroll,scroll-social-media
scroll in bed,doomscroll-past-midnight
scroll social media,scroll-social-media
sea swim,go-for-a-swim-in-the-sea
sea swim alone,swim-alone-in-open-water
seaside,go-to-the-beach
second hand,buy-it-second-hand
see a dentist,see-a-dentist
see a doctor,book-a-doctors-appointment
see a friend,meet-a-friend
see family,visit-your-family
see how they are,check-in-on-a-friend
seek urgent medical care,seek-urgent-medical-care
seminar,attend-a-workshop
send a parcel,go-to-the-post-office
send a text message,send-a-text-message
send a thank-you note,send-a-thank-you-note
send an angry email,send-an-angry-email
send back,return-an-item
send cv,apply-for-a-job
send it off,submit-the-work
send researcher an email,email-the-author
series,watch-tv
service,attend-a-religious-service
service car,get-the-car-serviced
set a reminder,set-a-reminder
set a timer,set-a-timer
set goals,set-goals
set up a savings plan,set-up-a-savings-plan
sew,knit-or-sew
sewing,knit-or-sew
share online,post-an-update-online
sheets,change-the-bed-sheets
ship it,submit-the-work
shirt,buy-clothes
shoes,buy-clothes
shop around,compare-prices
shopping,go-grocery-shopping
short break,take-a-short-break
shower,take-a-shower
side project,work-on-a-side-project
siesta,nap
sign a contract without reading it,sign-a-contract-without-reading-it
sign without reading,sign-a-contract-without-reading-it
silence phone,turn-off-notifications
sing,karaoke
sit,meditate
sit at a cafe,people-watch-at-a-cafe
sit in the park,go-to-the-park
sit in the sun,sit-in-the-sun
sit quietly,rest-in-silence
sit up straight,check-your-posture
sit with your feelings,sit-with-your-feelings
situps,do-bodyweight-exercises
skating,go-ice-skating
sketch,draw
sketching,draw
skincare,do-skincare
skincare products,buy-skincare-products
skip,skip-it-today
skip dinner,skip-this-meal
skip it today,skip-it-today
skip meal,skip-this-meal
skip meds,skip-your-medication
skip meeting,skip-the-meeting
skip the drink,cut-down-on-alcohol
skip the meeting,skip-the-meeting
skip the purchase,save-the-money
skip this meal,skip-this-meal
skip today,skip-it-today
skip your medication,skip-your-medication
slack,check-slack
sleep,sleep
sleep early,go-to-bed-early
sleep in,lie-in
sleep log,track-your-sleep
sleep now,sleep
sleep on it,sleep-on-it
sleep on it,wait-24-hours-before-buying
sleep tracking,track-your-sleep
slides,prepare-a-presentation
small task,do-an-easy-task
smartwatch,buy-a-gadget
smoothie,make-a-smoothie
sms,send-a-text-message
snack,eat-a-snack
sneakers,buy-running-shoes
snooze,nap
social media,scroll-social-media
social sport,play-a-sport
sofa,buy-furniture
software update,update-your-software
solitude,spend-time-alone
solo cafe,go-to-a-cafe-alone
solo hike,hike-alone-without-telling-anyone
solve problems,do-mathematics
something sweet,have-dessert
something to eat,eat-a-snack
songwriting,make-music
sort your paperwork,sort-your-paperwork
spa,get-a-massage
spaced repetition,review-flashcards
spanish,learn-a-language
speaker,buy-a-speaker
spend time alone,spend-time-alone
spend time with your partner,spend-time-with-your-partner
sport,play-a-sport
spreadsheet,analyse-the-data
spring clean,deep-clean-the-house
squash,play-squash
squash game,play-squash
stairs,take-the-stairs
stand up,go-to-a-comedy-show
standing order,set-up-a-savings-plan
standup,attend-a-meeting
stare out the window,daydream
statement,check-your-credit-card-statement
statistics,study-statistics
stay at home,stay-home
stay busy,keep-busy
stay home,stay-home
stay in,stay-home
stay in bed,lie-in
stay up,stay-up-late
stay up all night before a big day,stay-up-all-night-before-a-big-day
stay up late,stay-up-late
staycation,take-a-weekend-trip
steam room,go-to-a-sauna
step away,take-a-short-break
stop looking,stop-researching
stop reading,stop-researching
stop researching,stop-researching
stop working,stop-working-for-the-day
stop working for the day,stop-working-for-the-day
stove on,leave-the-stove-on-and-go-out
streaming,subscribe-to-a-service
strength,strength-training
strength training,strength-training
stretch,stretch
stretching,stretch
stretching routine,do-mobility-work
stroll,go-for-a-walk
study,study-for-an-exam
study a new language,study-a-new-language
study accounting,study-accounting
study art history,study-art-history
study astronomy,study-astronomy
study biology,study-biology
study calculus,study-calculus
study chemistry,study-chemistry
study cooking theory,study-cooking-theory
study design,study-design
study economics,study-economics
study finance,study-finance
study first aid,study-first-aid
study for an exam,study-for-an-exam
study geography,study-geography
study history,study-history
study law,study-law
study linear algebra,study-linear-algebra
study machine learning,study-machine-learning
study marketing,study-marketing
study music theory,study-music-theory
study negotiation,study-negotiation
study nutrition,study-nutrition
study philosophy,study-philosophy
study photography,study-photography
study physics,study-physics
study probability,study-probability
study programming,study-programming
study psychology,study-psychology
study public speaking,study-public-speaking
study statistics,study-statistics
study writing,study-writing
submit,submit-the-work
submit the work,submit-the-work
subscribe,subscribe-to-a-service
subscribe to a service,subscribe-to-a-service
subscription,subscribe-to-a-service
sudoku,do-a-puzzle
suitcase,buy-a-suitcase
summarise,take-notes
summarize,take-notes
sun,sit-in-the-sun
sunbathe,sit-in-the-sun
sunglasses,buy-sunglasses
sunlight,get-sunlight
sunscreen,do-skincare
supermarket,go-grocery-shopping
supper,eat-dinner
support,answer-support-tickets
surf the web,browse-the-internet
suspicious sms,click-a-suspicious-link
swim,swim
swim after drinking,swim-after-drinking
swim alone,swim-alone-in-open-water
swim alone in open water,swim-alone-in-open-water
swim drunk,swim-after-drinking
swim in storm,swim-in-the-sea-during-a-thunderstorm
swim in the sea during a thunderstorm,swim-in-the-sea-during-a-thunderstorm
swim laps,swim
swimming,swim
switch,buy-a-console
tabata,do-a-hiit-workout
table tennis,play-table-tennis
table tennis game,play-table-tennis
tablet,buy-a-tablet
tailor,drop-off-dry-cleaning
take a nap,nap
take a short break,take-a-short-break
take a shower,take-a-shower
take a taxi,take-a-taxi
take a walk,go-for-a-walk
take a walk after eating,take-a-walk-after-eating
take a weekend trip,take-a-weekend-trip
take an online course,take-an-online-course
take it easy,rest
take notes,take-notes
take on high-interest debt for a purchase,take-on-high-interest-debt-for-a-purchase
take out the rubbish,take-out-the-rubbish
take photos,take-photos
take pictures,take-photos
take pills,take-your-medication
take public transport,take-public-transport
take the stairs,take-the-stairs
take your medication,take-your-medication
takeaway,order-takeaway
takeout,order-takeaway
talk,watch-a-lecture
talk it out,resolve-a-conflict
tax return,do-your-taxes
taxes,do-your-taxes
taxi,take-a-taxi
tea,make-tea
teach,teach-someone
teach colleague,mentor-someone
teach someone,teach-someone
teams,check-slack
tech,buy-a-gadget
teeth cleaning,see-a-dentist
television,watch-tv
television set,buy-a-tv
temple,attend-a-religious-service
tennis,play-a-sport
tennis,play-tennis
tennis game,play-tennis
terms and conditions,read-the-contract-carefully
testing,write-a-test
tests,write-a-test
text,send-a-text-message
text someone,send-a-text-message
text while driving,text-while-driving
textbook,read-a-textbook
texting and driving,text-while-driving
thank someone,send-a-thank-you-note
thank you,send-a-thank-you-note
theater,go-to-the-theatre
theatre,go-to-the-theatre
theme park,go-to-a-theme-park
think,think-without-references
think aloud,rubber-duck-the-problem
think it through,think-without-references
think without references,think-without-references
thinking,think-without-references
three good things,practise-gratitude
tickets,answer-support-tickets
tickets,buy-concert-tickets
tidy code,refactor-code
tidy desk,tidy-your-desk
tidy room,clean-your-room
tidy up,clean-your-room
tidy your desk,tidy-your-desk
tiktok,scroll-social-media
time limit,set-a-timer
time with partner,spend-time-with-your-partner
timer,set-a-timer
to do list,plan-tomorrow
todo list,plan-tomorrow
toilet,clean-the-bathroom
toto,buy-a-lottery-ticket
tough email,write-a-difficult-email
track spending,make-a-budget
track your sleep,track-your-sleep
trail,go-hiking
train,take-public-transport
train through pain,exercise-through-sharp-pain
trainers,buy-clothes
training,go-to-the-gym
trash,take-out-the-rubbish
triage email,clear-your-inbox
trip,go-on-a-day-trip
try a new recipe,try-a-new-recipe
try a new restaurant,try-a-new-restaurant
try restaurant,try-a-new-restaurant
turn off notifications,turn-off-notifications
tutor,teach-someone
tutorial,watch-a-tutorial
tv,watch-tv
tv set,buy-a-tv
tweet,post-an-update-online
twitter,scroll-social-media
uber,take-a-taxi
umbrella,buy-an-umbrella
unit test,write-a-test
universal studios,go-to-a-theme-park
unsubscribe,cancel-a-subscription
update laptop,update-your-software
update phone,update-your-software
update resume,update-your-cv
update your cv,update-your-cv
update your software,update-your-software
urgent care,seek-urgent-medical-care
use what you learned,apply-what-you-know
used,buy-it-second-hand
useful,do-something-useful
utilities,pay-your-bills
vacation,book-a-holiday
vacuum,vacuum
vacuum cleaner,buy-a-vacuum-cleaner
vacuuming,vacuum
video editing,edit-a-video
video game,buy-a-game
video games,play-video-games
videos,watch-youtube
vinyasa,do-yoga
violin,practise-an-instrument
visit a friend in hospital,visit-a-friend-in-hospital
visit a library,visit-a-library
visit a new neighbourhood,visit-a-new-neighbourhood
visit family,visit-your-family
visit parents,visit-your-family
visit your family,visit-your-family
volleyball,play-volleyball
volleyball game,play-volleyball
volunteer,volunteer
volunteer nearby,help-a-neighbour
volunteering,volunteer
voucher,buy-a-gift-card
wait,do-nothing
wait,wait-24-hours-before-buying
wait 24 hours before buying,wait-24-hours-before-buying
wait before buying,wait-24-hours-before-buying
walk,go-for-a-walk
walk after dinner,take-a-walk-after-eating
walk commute,walk-to-work
walk in nature,walk-in-nature
walk the dog,play-with-your-dog
walk to work,walk-to-work
walking,go-for-a-walk
wander,visit-a-new-neighbourhood
wardrobe,organise-a-cupboard
wash,take-a-shower
wash clothes,do-the-laundry
wash up,do-the-dishes
washing,do-the-laundry
washing up,do-the-dishes
watch,buy-a-watch
watch a film,watch-a-film
watch a lecture,watch-a-lecture
watch a movie,watch-a-film
watch a show,watch-tv
watch a tutorial,watch-a-tutorial
watch football,watch-sport
watch sport,watch-sport
watch the game,watch-sport
watch the match,watch-sport
watch tv,watch-tv
watch videos,watch-youtube
watch youtube,watch-youtube
water,drink-water
water bottle,buy-a-water-bottle
water the plants,garden
water the plants,water-the-plants
watercolour,paint
watering,water-the-plants
weather,check-the-weather
weekend away,take-a-weekend-trip
weekend trip,take-a-weekend-trip
weekly review,reflect-on-your-week
weights,strength-training
wet market,go-to-a-farmers-market
whatsapp,send-a-text-message
whiteboard,think-without-references
will,write-a-will
win it back,gamble-to-win-back-losses
wind down,wind-down-for-bed
wind down for bed,wind-down-for-bed
window shopping,go-shopping-for-fun
wine,have-a-drink
wipe counters,clean-the-kitchen
woodwork,build-something
work chat,check-slack
work from a café,work-from-a-cafe
work more,continue-working
work on a side project,work-on-a-side-project
work out,go-to-the-gym
workout,go-to-the-gym
workshop,attend-a-workshop
write,write-it-up
write a difficult email,write-a-difficult-email
write a grant,write-a-grant
write a letter,write-a-letter
write a plan,write-a-plan
write a post,write-something
write a report,write-a-report
write a story,write-something
write a test,write-a-test
write a will,write-a-will
write code,write-code
write docs,write-documentation
write documentation,write-documentation
write draft,write-it-up
write email,reply-to-email
write in a journal,write-in-a-journal
write it up,write-it-up
write paper,write-it-up
write poetry,write-poetry
write something,write-something
write the section,write-it-up
write to someone,write-a-letter
write up,write-a-report
writeup,write-a-report
writing,study-writing
writing,write-it-up
writing,write-something
x,scroll-social-media
xbox,buy-a-console
yoga,do-yoga
yoga class,do-yoga
youtube,watch-youtube
youtube video,edit-a-video
yt,watch-youtube
zoo,go-to-the-zoo
