x,prop,cant
0.000,-45.0000,-180.0000
0.100,-41.3000,-174.0500
0.200,-37.7000,-168.2000
0.300,-34.2000,-162.4500
0.400,-30.8000,-156.8000
0.500,-27.5000,-151.2500
0.600,-24.3000,-145.8000
0.700,-21.2000,-140.4500
0.800,-18.2000,-135.2000
0.900,-15.3000,-130.0500
1.000,-12.5000,-125.0000
1.100,-9.8000,-120.0500
1.200,-7.2000,-115.2000
1.300,-4.7000,-110.4500
1.400,-2.3000,-105.8000
1.500,0.0000,-101.2500
1.600,2.2000,-96.8000
1.700,4.3000,-92.4500
1.800,6.3000,-88.2000
1.900,8.2000,-84.0500
2.000,10.0000,-80.0000
2.100,11.7000,-76.0500
2.200,13.3000,-72.2000
2.300,14.8000,-68.4500
2.400,16.2000,-64.8000
2.500,17.5000,-61.2500
2.600,18.7000,-57.8000
2.700,19.8000,-54.4500
2.800,20.8000,-51.2000
2.900,21.7000,-48.0500
3.000,22.5000,-45.0000
3.100,23.2000,-42.0500
3.200,23.8000,-39.2000
3.300,24.3000,-36.4500
3.400,24.7000,-33.8000
3.500,25.0000,-31.2500
3.600,25.2000,-28.8000
3.700,25.3000,-26.4500
3.800,25.3000,-24.2000
3.900,25.2000,-22.0500
4.000,25.0000,-20.0000
4.100,24.7000,-18.0500
4.200,24.3000,-16.2000
4.300,23.8000,-14.4500
4.400,23.2000,-12.8000
4.500,22.5000,-11.2500
4.600,21.7000,-9.8000
4.700,20.8000,-8.4500
4.800,19.8000,-7.2000
4.900,18.7000,-6.0500
5.000,17.5000,-5.0000
5.100,16.2000,-4.0500
5.200,14.8000,-3.2000
5.300,13.3000,-2.4500
5.400,11.7000,-1.8000
5.500,10.0000,-1.2500
5.600,8.2000,-0.8000
5.700,6.3000,-0.4500
5.800,4.3000,-0.2000
5.900,2.2000,-0.0500
6.000,0.0000,0.0000
