x,M
0.000,0.0000
0.100,1.0750
0.200,2.0500
0.300,2.9250
0.400,3.7000
0.500,4.3750
0.600,4.9500
0.700,5.4250
0.800,5.8000
0.900,6.0750
1.000,6.2500
1.100,6.3250
1.200,6.3000
1.300,6.1750
1.400,5.9500
1.500,5.6250
1.600,5.2000
1.700,4.6750
1.800,4.0500
1.900,3.3250
2.000,2.5000
2.100,1.5750
2.200,0.5500
2.300,-0.5750
2.400,-1.8000
2.500,-3.1250
2.600,-4.5500
2.700,-6.0750
2.800,-7.7000
2.900,-9.4250
3.000,-11.2500
3.100,-13.1750
3.200,-15.2000
3.300,-17.3250
3.400,-19.5500
3.500,-21.8750
3.600,-24.3000
3.700,-26.8250
3.800,-29.4500
3.900,-32.1750
4.000,-35.0000
4.100,-31.4667
4.200,-28.0333
4.300,-24.7000
4.400,-21.4667
4.500,-18.3333
4.600,-15.3000
4.700,-12.3667
4.800,-9.5333
4.900,-6.8000
5.000,-4.1667
5.100,-1.6333
5.200,0.8000
5.300,3.1333
5.400,5.3667
5.500,7.5000
5.600,9.5333
5.700,11.4667
5.800,13.3000
5.900,15.0333
6.000,16.6667
6.100,18.2000
6.200,19.6333
6.300,20.9667
6.400,22.2000
6.500,23.3333
6.600,24.3667
6.700,25.3000
6.800,26.1333
6.900,26.8667
7.000,27.5000
7.100,28.0333
7.200,28.4667
7.300,28.8000
7.400,29.0333
7.500,29.1667
7.600,29.2000
7.700,29.1333
7.800,28.9667
7.900,28.7000
8.000,28.3333
8.100,27.8667
8.200,27.3000
8.300,26.6333
8.400,25.8667
8.500,25.0000
8.600,24.0333
8.700,22.9667
8.800,21.8000
8.900,20.5333
9.000,19.1667
9.100,17.7000
9.200,16.1333
9.300,14.4667
9.400,12.7000
9.500,10.8333
9.600,8.8667
9.700,6.8000
9.800,4.6333
9.900,2.3667
10.000,0.0000
